{"type":"FeatureCollection","features":[{"type":"Feature","geometry":{"type":"Point","coordinates":[66.79526516999996,30.163057139999996]},"properties":{"_bbox":[66.79526516999996,30.163057139999996,66.79526516999996,30.163057139999996],"Status":"","Tehsil":"Quetta Saddar","BM Code":"BLN-QA-L2-00051","LIMS_ID":"B-51","Remarks":"","_center":[66.79526516999996,30.163057139999996],"Distance":"","District":"Quetta","status_1":"constructed","Altered X":"","Altered Y":"","Execution":"","Alt Locati":"","Original X":66.79526517,"Original Y":30.16305714,"Within 10k":""}},{"type":"Feature","geometry":{"type":"Point","coordinates":[66.93404402999995,30.42256366999999]},"properties":{"_bbox":[66.93404402999995,30.42256366999999,66.93404402999995,30.42256366999999],"Status":"","Tehsil":"Quetta Saddar","BM Code":"BLN-QA-L2-00061","LIMS_ID":"B-61","Remarks":"","_center":[66.93404402999995,30.42256366999999],"Distance":"","District":"Quetta","status_1":"constructed","Altered X":"","Altered Y":"","Execution":"","Alt Locati":"","Original X":66.93404403,"Original Y":30.42256367,"Within 10k":""}},{"type":"Feature","geometry":{"type":"Point","coordinates":[66.89660931999995,30.334024419999984]},"properties":{"_bbox":[66.89660931999995,30.334024419999984,66.89660931999995,30.334024419999984],"Status":"","Tehsil":"Quetta Saddar","BM Code":"BLN-QA-L2-00062","LIMS_ID":"B-62","Remarks":"","_center":[66.89660931999995,30.334024419999984],"Distance":"","District":"Quetta","status_1":"constructed","Altered X":"","Altered Y":"","Execution":"","Alt Locati":"","Original X":66.89660932,"Original Y":30.33402442,"Within 10k":""}},{"type":"Feature","geometry":{"type":"Point","coordinates":[66.89382435999995,30.24379765]},"properties":{"_bbox":[66.89382435999995,30.24379765,66.89382435999995,30.24379765],"Status":"","Tehsil":"Quetta Saddar","BM Code":"BLN-QA-L2-00063","LIMS_ID":"B-63","Remarks":"","_center":[66.89382435999995,30.24379765],"Distance":"","District":"Quetta","status_1":"constructed","Altered X":"","Altered Y":"","Execution":"","Alt Locati":"","Original X":66.89382436,"Original Y":30.24379765,"Within 10k":""}},{"type":"Feature","geometry":{"type":"Point","coordinates":[66.95005560016824,30.35722020313571]},"properties":{"_bbox":[66.95005560016824,30.35722020313571,66.95005560016824,30.35722020313571],"Status":"","Tehsil":"Quetta Saddar","BM Code":"BLN-QA-L2-00076","LIMS_ID":"B-76","Remarks":"","_center":[66.95005560016824,30.35722020313571],"Distance":"","District":"Quetta","status_1":"constructed","Altered X":"","Altered Y":"","Execution":"","Alt Locati":"","Original X":66.9887,"Original Y":30.349688,"Within 10k":""}},{"type":"Feature","geometry":{"type":"Point","coordinates":[66.97962999999997,30.26134999999999]},"properties":{"_bbox":[66.97962999999997,30.26134999999999,66.97962999999997,30.26134999999999],"Status":"","Tehsil":"Quetta Saddar","BM Code":"BLN-QA-L2-00077","LIMS_ID":"B-77","Remarks":"","_center":[66.97962999999997,30.26134999999999],"Distance":"","District":"Quetta","status_1":"constructed","Altered X":"","Altered Y":"","Execution":"","Alt Locati":"","Original X":66.97963,"Original Y":30.26135,"Within 10k":""}},{"type":"Feature","geometry":{"type":"Point","coordinates":[67.10920445999997,30.341850819999987]},"properties":{"_bbox":[67.10920445999997,30.341850819999987,67.10920445999997,30.341850819999987],"Status":"","Tehsil":"Quetta Saddar","BM Code":"BLN-QA-L2-00089","LIMS_ID":"B-89","Remarks":"","_center":[67.10920445999997,30.341850819999987],"Distance":"","District":"Quetta","status_1":"Not_Start","Altered X":"","Altered Y":"","Execution":"","Alt Locati":"","Original X":67.10920446,"Original Y":30.34185082,"Within 10k":""}},{"type":"Feature","geometry":{"type":"Point","coordinates":[67.10654900999997,30.23997292999999]},"properties":{"_bbox":[67.10654900999997,30.23997292999999,67.10654900999997,30.23997292999999],"Status":"","Tehsil":"Quetta Saddar","BM Code":"BLN-QA-L2-00090","LIMS_ID":"B-90","Remarks":"","_center":[67.10654900999997,30.23997292999999],"Distance":"8.32","District":"Quetta","status_1":"Not_Start","Altered X":"","Altered Y":"","Execution":"","Alt Locati":"","Original X":67.10654901,"Original Y":30.23997293,"Within 10k":"A-09"}},{"type":"Feature","geometry":{"type":"Point","coordinates":[67.17209538999995,30.439937450000006]},"properties":{"_bbox":[67.17209538999995,30.439937450000006,67.17209538999995,30.439937450000006],"Status":"","Tehsil":"Quetta Saddar","BM Code":"BLN-QA-L2-00098","LIMS_ID":"B-98","Remarks":"","_center":[67.17209538999995,30.439937450000006],"Distance":"","District":"Quetta","status_1":"Not_Start","Altered X":"","Altered Y":"","Execution":"","Alt Locati":"","Original X":67.17209539,"Original Y":30.43993745,"Within 10k":""}},{"type":"Feature","geometry":{"type":"Point","coordinates":[66.89373298999998,30.874977759999997]},"properties":{"_bbox":[66.89373298999998,30.874977759999997,66.89373298999998,30.874977759999997],"Status":"","Tehsil":"Huramzai","BM Code":"BLN-PI-L2-00056","LIMS_ID":"B-56","Remarks":"","_center":[66.89373298999998,30.874977759999997],"Distance":"","District":"Pishin","status_1":"constructed","Altered X":"","Altered Y":"","Execution":"","Alt Locati":"","Original X":66.89373299,"Original Y":30.87497776,"Within 10k":""}},{"type":"Feature","geometry":{"type":"Point","coordinates":[66.88333199999995,30.79361099999999]},"properties":{"_bbox":[66.88333199999995,30.79361099999999,66.88333199999995,30.79361099999999],"Status":"","Tehsil":"Huramzai","BM Code":"BLN-PI-L2-00057","LIMS_ID":"B-57","Remarks":"","_center":[66.88333199999995,30.79361099999999],"Distance":"","District":"Pishin","status_1":"constructed","Altered X":"","Altered Y":"","Execution":"","Alt Locati":"","Original X":66.883332,"Original Y":30.793611,"Within 10k":""}},{"type":"Feature","geometry":{"type":"Point","coordinates":[66.97224765999995,30.88725641]},"properties":{"_bbox":[66.97224765999995,30.88725641,66.97224765999995,30.88725641],"Status":"","Tehsil":"Huramzai","BM Code":"BLN-PI-L2-00070","LIMS_ID":"B-70","Remarks":"","_center":[66.97224765999995,30.88725641],"Distance":"","District":"Pishin","status_1":"scurity risk/helt","Altered X":"","Altered Y":"","Execution":"","Alt Locati":"","Original X":66.97224766,"Original Y":30.88725641,"Within 10k":""}},{"type":"Feature","geometry":{"type":"Point","coordinates":[67.32792002999996,30.715649309999996]},"properties":{"_bbox":[67.32792002999996,30.715649309999996,67.32792002999996,30.715649309999996],"Status":"","Tehsil":"Karezat","BM Code":"BLN-PI-L2-00105","LIMS_ID":"B-105","Remarks":"","_center":[67.32792002999996,30.715649309999996],"Distance":"","District":"Pishin","status_1":"constructed","Altered X":"","Altered Y":"","Execution":"","Alt Locati":"","Original X":67.32792003,"Original Y":30.71564931,"Within 10k":""}},{"type":"Feature","geometry":{"type":"Point","coordinates":[67.31030288999997,30.619612679999992]},"properties":{"_bbox":[67.31030288999997,30.619612679999992,67.31030288999997,30.619612679999992],"Status":"","Tehsil":"Karezat","BM Code":"BLN-PI-L2-00106","LIMS_ID":"B-106","Remarks":"","_center":[67.31030288999997,30.619612679999992],"Distance":"8.09","District":"Pishin","status_1":"constructed","Altered X":"","Altered Y":"","Execution":"","Alt Locati":"","Original X":67.31030289,"Original Y":30.61961268,"Within 10k":"A-08"}},{"type":"Feature","geometry":{"type":"Point","coordinates":[67.27741109999995,30.553200599999997]},"properties":{"_bbox":[67.27741109999995,30.553200599999997,67.27741109999995,30.553200599999997],"Status":"","Tehsil":"Karezat","BM Code":"BLN-PI-L2-00107","LIMS_ID":"B-107","Remarks":"","_center":[67.27741109999995,30.553200599999997],"Distance":"7.47","District":"Pishin","status_1":"constructed","Altered X":"","Altered Y":"","Execution":"","Alt Locati":"","Original X":67.2774111,"Original Y":30.5532006,"Within 10k":"A-08"}},{"type":"Feature","geometry":{"type":"Point","coordinates":[67.40284259999996,30.801452519999994]},"properties":{"_bbox":[67.40284259999996,30.801452519999994,67.40284259999996,30.801452519999994],"Status":"","Tehsil":"Karezat","BM Code":"BLN-PI-L2-00115","LIMS_ID":"B-115","Remarks":"","_center":[67.40284259999996,30.801452519999994],"Distance":"","District":"Pishin","status_1":"Not_Start","Altered X":"","Altered Y":"","Execution":"","Alt Locati":"","Original X":67.4028426,"Original Y":30.80145252,"Within 10k":""}},{"type":"Feature","geometry":{"type":"Point","coordinates":[67.38483088999998,30.72138124999999]},"properties":{"_bbox":[67.38483088999998,30.72138124999999,67.38483088999998,30.72138124999999],"Status":"","Tehsil":"Karezat","BM Code":"BLN-PI-L2-00116","LIMS_ID":"B-116","Remarks":"","_center":[67.38483088999998,30.72138124999999],"Distance":"","District":"Pishin","status_1":"constructed","Altered X":"","Altered Y":"","Execution":"","Alt Locati":"","Original X":67.38483089,"Original Y":30.72138125,"Within 10k":""}},{"type":"Feature","geometry":{"type":"Point","coordinates":[67.40007390999996,30.618230959999995]},"properties":{"_bbox":[67.40007390999996,30.618230959999995,67.40007390999996,30.618230959999995],"Status":"","Tehsil":"Karezat","BM Code":"BLN-PI-L2-00117","LIMS_ID":"B-117","Remarks":"","_center":[67.40007390999996,30.618230959999995],"Distance":"","District":"Pishin","status_1":"constructed","Altered X":"","Altered Y":"","Execution":"","Alt Locati":"","Original X":67.40007391,"Original Y":30.61823096,"Within 10k":""}},{"type":"Feature","geometry":{"type":"Point","coordinates":[67.51051917999997,30.62526968999999]},"properties":{"_bbox":[67.51051917999997,30.62526968999999,67.51051917999997,30.62526968999999],"Status":"","Tehsil":"Karezat","BM Code":"BLN-PI-L2-00127","LIMS_ID":"B-127","Remarks":"","_center":[67.51051917999997,30.62526968999999],"Distance":"","District":"Pishin","status_1":"constructed","Altered X":"","Altered Y":"","Execution":"","Alt Locati":"","Original X":67.51051918,"Original Y":30.62526969,"Within 10k":""}},{"type":"Feature","geometry":{"type":"Point","coordinates":[67.48607460999996,30.537985389999996]},"properties":{"_bbox":[67.48607460999996,30.537985389999996,67.48607460999996,30.537985389999996],"Status":"","Tehsil":"Karezat","BM Code":"BLN-PI-L2-00128","LIMS_ID":"B-128","Remarks":"","_center":[67.48607460999996,30.537985389999996],"Distance":"","District":"Pishin","status_1":"constructed","Altered X":"","Altered Y":"","Execution":"","Alt Locati":"","Original X":67.48607461,"Original Y":30.53798539,"Within 10k":""}},{"type":"Feature","geometry":{"type":"Point","coordinates":[66.97946971999995,30.52779345]},"properties":{"_bbox":[66.97946971999995,30.52779345,66.97946971999995,30.52779345],"Status":"","Tehsil":"Karezat","BM Code":"BLN-PI-L2-00074","LIMS_ID":"B-74","Remarks":"","_center":[66.97946971999995,30.52779345],"Distance":"","District":"Pishin","status_1":"constructed","Altered X":"","Altered Y":"","Execution":"","Alt Locati":"","Original X":66.97946972,"Original Y":30.52779345,"Within 10k":""}},{"type":"Feature","geometry":{"type":"Point","coordinates":[67.00714869999996,30.4346154]},"properties":{"_bbox":[67.00714869999996,30.4346154,67.00714869999996,30.4346154],"Status":"","Tehsil":"Karezat","BM Code":"BLN-PI-L2-00075","LIMS_ID":"B-75","Remarks":"","_center":[67.00714869999996,30.4346154],"Distance":"","District":"Pishin","status_1":"constructed","Altered X":"","Altered Y":"","Execution":"","Alt Locati":"","Original X":67.0071487,"Original Y":30.4346154,"Within 10k":""}},{"type":"Feature","geometry":{"type":"Point","coordinates":[67.06410809999996,30.542181209999992]},"properties":{"_bbox":[67.06410809999996,30.542181209999992,67.06410809999996,30.542181209999992],"Status":"","Tehsil":"Karezat","BM Code":"BLN-PI-L2-00087","LIMS_ID":"B-87","Remarks":"","_center":[67.06410809999996,30.542181209999992],"Distance":"","District":"Pishin","status_1":"constructed","Altered X":"","Altered Y":"","Execution":"","Alt Locati":"","Original X":67.0641081,"Original Y":30.54218121,"Within 10k":""}},{"type":"Feature","geometry":{"type":"Point","coordinates":[67.08999162999996,30.442590449999994]},"properties":{"_bbox":[67.08999162999996,30.442590449999994,67.08999162999996,30.442590449999994],"Status":"","Tehsil":"Karezat","BM Code":"BLN-PI-L2-00088","LIMS_ID":"B-88","Remarks":"","_center":[67.08999162999996,30.442590449999994],"Distance":"","District":"Pishin","status_1":"constructed","Altered X":"","Altered Y":"","Execution":"","Alt Locati":"","Original X":67.08999163,"Original Y":30.44259045,"Within 10k":""}},{"type":"Feature","geometry":{"type":"Point","coordinates":[67.18454482999995,30.70563418]},"properties":{"_bbox":[67.18454482999995,30.70563418,67.18454482999995,30.70563418],"Status":"","Tehsil":"Karezat","BM Code":"BLN-PI-L2-00096","LIMS_ID":"B-96","Remarks":"","_center":[67.18454482999995,30.70563418],"Distance":"","District":"Pishin","status_1":"Not_Start","Altered X":"","Altered Y":"","Execution":"","Alt Locati":"","Original X":67.18454483,"Original Y":30.70563418,"Within 10k":""}},{"type":"Feature","geometry":{"type":"Point","coordinates":[67.19796599999995,30.537716299999992]},"properties":{"_bbox":[67.19796599999995,30.537716299999992,67.19796599999995,30.537716299999992],"Status":"","Tehsil":"Karezat","BM Code":"BLN-PI-L2-00097","LIMS_ID":"B-97","Remarks":"","_center":[67.19796599999995,30.537716299999992],"Distance":"7.98","District":"Pishin","status_1":"constructed","Altered X":"","Altered Y":"","Execution":"","Alt Locati":"","Original X":67.197966,"Original Y":30.5377163,"Within 10k":"A-08"}},{"type":"Feature","geometry":{"type":"Point","coordinates":[66.98816647894142,30.771771910138767]},"properties":{"_bbox":[66.98816647894142,30.771771910138767,66.98816647894142,30.771771910138767],"Status":"","Tehsil":"Pishin","BM Code":"BLN-PI-L2-00071","LIMS_ID":"B-71","Remarks":"","_center":[66.98816647894142,30.771771910138767],"Distance":"","District":"Pishin","status_1":"constructed","Altered X":"","Altered Y":"","Execution":"","Alt Locati":"","Original X":66.98145738,"Original Y":30.77515392,"Within 10k":""}},{"type":"Feature","geometry":{"type":"Point","coordinates":[66.98581526999997,30.717069379999995]},"properties":{"_bbox":[66.98581526999997,30.717069379999995,66.98581526999997,30.717069379999995],"Status":"","Tehsil":"Pishin","BM Code":"BLN-PI-L2-00072","LIMS_ID":"B-72","Remarks":"","_center":[66.98581526999997,30.717069379999995],"Distance":"","District":"Pishin","status_1":"constructed","Altered X":"","Altered Y":"","Execution":"","Alt Locati":"","Original X":66.98581527,"Original Y":30.71706938,"Within 10k":""}},{"type":"Feature","geometry":{"type":"Point","coordinates":[67.00401808999997,30.61273321999999]},"properties":{"_bbox":[67.00401808999997,30.61273321999999,67.00401808999997,30.61273321999999],"Status":"","Tehsil":"Pishin","BM Code":"BLN-PI-L2-00073","LIMS_ID":"B-73","Remarks":"","_center":[67.00401808999997,30.61273321999999],"Distance":"","District":"Pishin","status_1":"constructed","Altered X":"","Altered Y":"","Execution":"","Alt Locati":"","Original X":67.00172465,"Original Y":30.61352858,"Within 10k":""}},{"type":"Feature","geometry":{"type":"Point","coordinates":[67.10462065999995,30.784254719999996]},"properties":{"_bbox":[67.10462065999995,30.784254719999996,67.10462065999995,30.784254719999996],"Status":"","Tehsil":"Pishin","BM Code":"BLN-PI-L2-00084","LIMS_ID":"B-84","Remarks":"","_center":[67.10462065999995,30.784254719999996],"Distance":"","District":"Pishin","status_1":"constructed","Altered X":"","Altered Y":"","Execution":"","Alt Locati":"","Original X":67.10462066,"Original Y":30.78425472,"Within 10k":""}},{"type":"Feature","geometry":{"type":"Point","coordinates":[67.082010439786,30.717960199257867]},"properties":{"_bbox":[67.082010439786,30.717960199257867,67.082010439786,30.717960199257867],"Status":"","Tehsil":"Pishin","BM Code":"BLN-PI-L2-00085","LIMS_ID":"B-85","Remarks":"","_center":[67.082010439786,30.717960199257867],"Distance":"","District":"Pishin","status_1":"constructed","Altered X":"","Altered Y":"","Execution":"","Alt Locati":"","Original X":67.08240155,"Original Y":30.71307932,"Within 10k":""}},{"type":"Feature","geometry":{"type":"Point","coordinates":[67.09977039028323,30.68095937553859]},"properties":{"_bbox":[67.09977039028323,30.68095937553859,67.09977039028323,30.68095937553859],"Status":"","Tehsil":"Pishin","BM Code":"BLN-PI-L2-00086","LIMS_ID":"B-86","Remarks":"","_center":[67.09977039028323,30.68095937553859],"Distance":"","District":"Pishin","status_1":"constructed","Altered X":"","Altered Y":"","Execution":"","Alt Locati":"","Original X":67.08185781,"Original Y":30.6355853,"Within 10k":""}},{"type":"Feature","geometry":{"type":"Point","coordinates":[66.56791585999996,30.52732566999998]},"properties":{"_bbox":[66.56791585999996,30.52732566999998,66.56791585999996,30.52732566999998],"Status":"","Tehsil":"Saranan","BM Code":"BLN-PI-L2-00024","LIMS_ID":"B-24","Remarks":"Point Accessible","_center":[66.56791585999996,30.52732566999998],"Distance":"","District":"Pishin","status_1":"constructed","Altered X":"","Altered Y":"","Execution":"","Alt Locati":"","Original X":66.56791586,"Original Y":30.52732567,"Within 10k":""}},{"type":"Feature","geometry":{"type":"Point","coordinates":[66.60130489999996,30.326605459999993]},"properties":{"_bbox":[66.60130489999996,30.326605459999993,66.60130489999996,30.326605459999993],"Status":"","Tehsil":"Saranan","BM Code":"BLN-PI-L2-00026","LIMS_ID":"B-26","Remarks":"Point Accessible","_center":[66.60130489999996,30.326605459999993],"Distance":"","District":"Pishin","status_1":"constructed","Altered X":"","Altered Y":"","Execution":"","Alt Locati":"","Original X":66.6013049,"Original Y":30.32660546,"Within 10k":""}},{"type":"Feature","geometry":{"type":"Point","coordinates":[66.55848517999996,30.227262920000005]},"properties":{"_bbox":[66.55848517999996,30.227262920000005,66.55848517999996,30.227262920000005],"Status":"","Tehsil":"Saranan","BM Code":"BLN-PI-L2-00027","LIMS_ID":"B-27","Remarks":"Point Accessible","_center":[66.55848517999996,30.227262920000005],"Distance":"","District":"Pishin","status_1":"constructed","Altered X":"","Altered Y":"","Execution":"","Alt Locati":"","Original X":66.55848518,"Original Y":30.22726292,"Within 10k":""}},{"type":"Feature","geometry":{"type":"Point","coordinates":[66.65027799999997,30.526388999999988]},"properties":{"_bbox":[66.65027799999997,30.526388999999988,66.65027799999997,30.526388999999988],"Status":"","Tehsil":"Saranan","BM Code":"BLN-PI-L2-00037","LIMS_ID":"B-37","Remarks":"","_center":[66.65027799999997,30.526388999999988],"Distance":"","District":"Pishin","status_1":"Not_Start","Altered X":"","Altered Y":"","Execution":"","Alt Locati":"","Original X":66.650278,"Original Y":30.526389,"Within 10k":""}},{"type":"Feature","geometry":{"type":"Point","coordinates":[66.68283789999997,30.442803730000005]},"properties":{"_bbox":[66.68283789999997,30.442803730000005,66.68283789999997,30.442803730000005],"Status":"","Tehsil":"Saranan","BM Code":"BLN-PI-L2-00038","LIMS_ID":"B-38","Remarks":"","_center":[66.68283789999997,30.442803730000005],"Distance":"","District":"Pishin","status_1":"Not_Start","Altered X":"","Altered Y":"","Execution":"","Alt Locati":"","Original X":66.6828379,"Original Y":30.44280373,"Within 10k":""}},{"type":"Feature","geometry":{"type":"Point","coordinates":[66.68704933999997,30.351307720000005]},"properties":{"_bbox":[66.68704933999997,30.351307720000005,66.68704933999997,30.351307720000005],"Status":"","Tehsil":"Saranan","BM Code":"BLN-PI-L2-00039","LIMS_ID":"B-39","Remarks":"","_center":[66.68704933999997,30.351307720000005],"Distance":"","District":"Pishin","status_1":"Not_Start","Altered X":"","Altered Y":"","Execution":"","Alt Locati":"","Original X":66.68704934,"Original Y":30.35130772,"Within 10k":""}},{"type":"Feature","geometry":{"type":"Point","coordinates":[66.62823837999996,30.25078299999999]},"properties":{"_bbox":[66.62823837999996,30.25078299999999,66.62823837999996,30.25078299999999],"Status":"","Tehsil":"Saranan","BM Code":"BLN-PI-L2-00040","LIMS_ID":"B-40","Remarks":"","_center":[66.62823837999996,30.25078299999999],"Distance":"","District":"Pishin","status_1":"Not_Start","Altered X":"","Altered Y":"","Execution":"","Alt Locati":"","Original X":66.62823838,"Original Y":30.250783,"Within 10k":""}},{"type":"Feature","geometry":{"type":"Point","coordinates":[66.78039299999998,30.518158000000003]},"properties":{"_bbox":[66.78039299999998,30.518158000000003,66.78039299999998,30.518158000000003],"Status":"","Tehsil":"Saranan","BM Code":"BLN-PI-L2-00048","LIMS_ID":"B-48","Remarks":"","_center":[66.78039299999998,30.518158000000003],"Distance":"","District":"Pishin","status_1":"Not_Start","Altered X":"","Altered Y":"","Execution":"","Alt Locati":"","Original X":66.780393,"Original Y":30.518158,"Within 10k":""}},{"type":"Feature","geometry":{"type":"Point","coordinates":[66.77878514999998,30.44526639]},"properties":{"_bbox":[66.77878514999998,30.44526639,66.77878514999998,30.44526639],"Status":"","Tehsil":"Saranan","BM Code":"BLN-PI-L2-00049","LIMS_ID":"B-49","Remarks":"","_center":[66.77878514999998,30.44526639],"Distance":"","District":"Pishin","status_1":"Not_Start","Altered X":"","Altered Y":"","Execution":"","Alt Locati":"","Original X":66.77878515,"Original Y":30.44526639,"Within 10k":""}},{"type":"Feature","geometry":{"type":"Point","coordinates":[66.79322043999996,30.33344001]},"properties":{"_bbox":[66.79322043999996,30.33344001,66.79322043999996,30.33344001],"Status":"","Tehsil":"Saranan","BM Code":"BLN-PI-L2-00050","LIMS_ID":"B-50","Remarks":"","_center":[66.79322043999996,30.33344001],"Distance":"","District":"Pishin","status_1":"Not_Start","Altered X":"","Altered Y":"","Execution":"","Alt Locati":"","Original X":66.79322044,"Original Y":30.33344001,"Within 10k":""}},{"type":"Feature","geometry":{"type":"Point","coordinates":[66.86531505999997,30.71200061]},"properties":{"_bbox":[66.86531505999997,30.71200061,66.86531505999997,30.71200061],"Status":"","Tehsil":"Saranan","BM Code":"BLN-PI-L2-00058","LIMS_ID":"B-58","Remarks":"","_center":[66.86531505999997,30.71200061],"Distance":"","District":"Pishin","status_1":"constructed","Altered X":"","Altered Y":"","Execution":"","Alt Locati":"","Original X":66.86531506,"Original Y":30.71200061,"Within 10k":""}},{"type":"Feature","geometry":{"type":"Point","coordinates":[66.89913903999995,30.618262250000004]},"properties":{"_bbox":[66.89913903999995,30.618262250000004,66.89913903999995,30.618262250000004],"Status":"","Tehsil":"Saranan","BM Code":"BLN-PI-L2-00059","LIMS_ID":"B-59","Remarks":"","_center":[66.89913903999995,30.618262250000004],"Distance":"","District":"Pishin","status_1":"constructed","Altered X":"","Altered Y":"","Execution":"","Alt Locati":"","Original X":66.89913904,"Original Y":30.61826225,"Within 10k":""}},{"type":"Feature","geometry":{"type":"Point","coordinates":[66.85096400999997,30.53627636]},"properties":{"_bbox":[66.85096400999997,30.53627636,66.85096400999997,30.53627636],"Status":"","Tehsil":"Saranan","BM Code":"BLN-PI-L2-00060","LIMS_ID":"B-60","Remarks":"","_center":[66.85096400999997,30.53627636],"Distance":"","District":"Pishin","status_1":"Not_Start","Altered X":"","Altered Y":"","Execution":"","Alt Locati":"","Original X":66.85096401,"Original Y":30.53627636,"Within 10k":""}},{"type":"Feature","geometry":{"type":"Point","coordinates":[67.82552199999996,30.55210799999999]},"properties":{"_bbox":[67.82552199999996,30.55210799999999,67.82552199999996,30.55210799999999],"Status":"","Tehsil":"Loralai","BM Code":"BLN-LI-L2-00163","LIMS_ID":"B-163","Remarks":"","_center":[67.82552199999996,30.55210799999999],"Distance":"","District":"Loralai","status_1":"Not_Start","Altered X":"","Altered Y":"","Execution":"","Alt Locati":"","Original X":67.825522,"Original Y":30.552108,"Within 10k":""}},{"type":"Feature","geometry":{"type":"Point","coordinates":[67.90777799999995,30.628888999999994]},"properties":{"_bbox":[67.90777799999995,30.628888999999994,67.90777799999995,30.628888999999994],"Status":"","Tehsil":"Loralai","BM Code":"BLN-LI-L2-00181","LIMS_ID":"B-181","Remarks":"","_center":[67.90777799999995,30.628888999999994],"Distance":"","District":"Loralai","status_1":"Not_Start","Altered X":"","Altered Y":"","Execution":"","Alt Locati":"","Original X":67.907778,"Original Y":30.628889,"Within 10k":""}},{"type":"Feature","geometry":{"type":"Point","coordinates":[67.89848601999996,30.549168399999992]},"properties":{"_bbox":[67.89848601999996,30.549168399999992,67.89848601999996,30.549168399999992],"Status":"","Tehsil":"Loralai","BM Code":"BLN-LI-L2-00182","LIMS_ID":"B-182","Remarks":"","_center":[67.89848601999996,30.549168399999992],"Distance":"","District":"Loralai","status_1":"Not_Start","Altered X":"","Altered Y":"","Execution":"","Alt Locati":"","Original X":67.89848602,"Original Y":30.5491684,"Within 10k":""}},{"type":"Feature","geometry":{"type":"Point","coordinates":[68.01030185999997,30.54466806]},"properties":{"_bbox":[68.01030185999997,30.54466806,68.01030185999997,30.54466806],"Status":"","Tehsil":"Loralai","BM Code":"BLN-LI-L2-00203","LIMS_ID":"B-203","Remarks":"","_center":[68.01030185999997,30.54466806],"Distance":"","District":"Loralai","status_1":"Not_Start","Altered X":"","Altered Y":"","Execution":"","Alt Locati":"","Original X":68.01030186,"Original Y":30.54466806,"Within 10k":""}},{"type":"Feature","geometry":{"type":"Point","coordinates":[68.13477296999997,30.55410296]},"properties":{"_bbox":[68.13477296999997,30.55410296,68.13477296999997,30.55410296],"Status":"","Tehsil":"Loralai","BM Code":"BLN-LI-L2-00219","LIMS_ID":"B-219","Remarks":"","_center":[68.13477296999997,30.55410296],"Distance":"","District":"Loralai","status_1":"Not_Start","Altered X":"","Altered Y":"","Execution":"","Alt Locati":"","Original X":68.13477297,"Original Y":30.55410296,"Within 10k":""}},{"type":"Feature","geometry":{"type":"Point","coordinates":[68.22274964999995,30.532453399999998]},"properties":{"_bbox":[68.22274964999995,30.532453399999998,68.22274964999995,30.532453399999998],"Status":"","Tehsil":"Loralai","BM Code":"BLN-LI-L2-00238","LIMS_ID":"B-238","Remarks":"","_center":[68.22274964999995,30.532453399999998],"Distance":"","District":"Loralai","status_1":"Not_Start","Altered X":"","Altered Y":"","Execution":"","Alt Locati":"","Original X":68.22274965,"Original Y":30.5324534,"Within 10k":""}},{"type":"Feature","geometry":{"type":"Point","coordinates":[68.34216536999996,30.54105054]},"properties":{"_bbox":[68.34216536999996,30.54105054,68.34216536999996,30.54105054],"Status":"","Tehsil":"Loralai","BM Code":"BLN-LI-L2-00255","LIMS_ID":"B-255","Remarks":"","_center":[68.34216536999996,30.54105054],"Distance":"","District":"Loralai","status_1":"Not_Start","Altered X":"","Altered Y":"","Execution":"","Alt Locati":"","Original X":68.34216537,"Original Y":30.54105054,"Within 10k":""}},{"type":"Feature","geometry":{"type":"Point","coordinates":[68.33586189999997,30.466439000000005]},"properties":{"_bbox":[68.33586189999997,30.466439000000005,68.33586189999997,30.466439000000005],"Status":"","Tehsil":"Loralai","BM Code":"BLN-LI-L2-00256","LIMS_ID":"B-256","Remarks":"","_center":[68.33586189999997,30.466439000000005],"Distance":"","District":"Loralai","status_1":"Not_Start","Altered X":"","Altered Y":"","Execution":"","Alt Locati":"","Original X":68.3358619,"Original Y":30.466439,"Within 10k":""}},{"type":"Feature","geometry":{"type":"Point","coordinates":[68.43584959999997,30.439775600000004]},"properties":{"_bbox":[68.43584959999997,30.439775600000004,68.43584959999997,30.439775600000004],"Status":"","Tehsil":"Loralai","BM Code":"BLN-LI-L2-00272","LIMS_ID":"B-272","Remarks":"","_center":[68.43584959999997,30.439775600000004],"Distance":"","District":"Loralai","status_1":"constructed","Altered X":"","Altered Y":"","Execution":"","Alt Locati":"","Original X":68.4358496,"Original Y":30.4397756,"Within 10k":""}},{"type":"Feature","geometry":{"type":"Point","coordinates":[68.53251381999998,30.538453559999983]},"properties":{"_bbox":[68.53251381999998,30.538453559999983,68.53251381999998,30.538453559999983],"Status":"","Tehsil":"Loralai","BM Code":"BLN-LI-L2-00287","LIMS_ID":"B-287","Remarks":"","_center":[68.53251381999998,30.538453559999983],"Distance":"","District":"Loralai","status_1":"Not_Start","Altered X":"","Altered Y":"","Execution":"","Alt Locati":"","Original X":68.53251382,"Original Y":30.53845356,"Within 10k":""}},{"type":"Feature","geometry":{"type":"Point","coordinates":[68.54917051999996,30.451747639999997]},"properties":{"_bbox":[68.54917051999996,30.451747639999997,68.54917051999996,30.451747639999997],"Status":"","Tehsil":"Loralai","BM Code":"BLN-LI-L2-00288","LIMS_ID":"B-288","Remarks":"","_center":[68.54917051999996,30.451747639999997],"Distance":"","District":"Loralai","status_1":"Not_Start","Altered X":"","Altered Y":"","Execution":"","Alt Locati":"","Original X":68.54917052,"Original Y":30.45174764,"Within 10k":""}},{"type":"Feature","geometry":{"type":"Point","coordinates":[68.54803699999997,30.362914000000004]},"properties":{"_bbox":[68.54803699999997,30.362914000000004,68.54803699999997,30.362914000000004],"Status":"","Tehsil":"Loralai","BM Code":"BLN-LI-L2-00289","LIMS_ID":"B-289","Remarks":"","_center":[68.54803699999997,30.362914000000004],"Distance":"","District":"Loralai","status_1":"constructed","Altered X":"","Altered Y":"","Execution":"","Alt Locati":"","Original X":68.548037,"Original Y":30.362914,"Within 10k":""}},{"type":"Feature","geometry":{"type":"Point","coordinates":[68.62265500999996,30.537905219999992]},"properties":{"_bbox":[68.62265500999996,30.537905219999992,68.62265500999996,30.537905219999992],"Status":"","Tehsil":"Loralai","BM Code":"BLN-LI-L2-00309","LIMS_ID":"B-309","Remarks":"","_center":[68.62265500999996,30.537905219999992],"Distance":"","District":"Loralai","status_1":"Not_Start","Altered X":"","Altered Y":"","Execution":"","Alt Locati":"","Original X":68.62265501,"Original Y":30.53790522,"Within 10k":""}},{"type":"Feature","geometry":{"type":"Point","coordinates":[68.63380105999997,30.46343832]},"properties":{"_bbox":[68.63380105999997,30.46343832,68.63380105999997,30.46343832],"Status":"","Tehsil":"Loralai","BM Code":"BLN-LI-L2-00310","LIMS_ID":"B-310","Remarks":"","_center":[68.63380105999997,30.46343832],"Distance":"","District":"Loralai","status_1":"Not_Start","Altered X":"","Altered Y":"","Execution":"","Alt Locati":"","Original X":68.63380106,"Original Y":30.46343832,"Within 10k":""}},{"type":"Feature","geometry":{"type":"Point","coordinates":[68.66497449999997,30.354490900000002]},"properties":{"_bbox":[68.66497449999997,30.354490900000002,68.66497449999997,30.354490900000002],"Status":"","Tehsil":"Loralai","BM Code":"BLN-LI-L2-00311","LIMS_ID":"B-311","Remarks":"","_center":[68.66497449999997,30.354490900000002],"Distance":"","District":"Loralai","status_1":"Not_Start","Altered X":"","Altered Y":"","Execution":"","Alt Locati":"","Original X":68.6649745,"Original Y":30.3544909,"Within 10k":""}},{"type":"Feature","geometry":{"type":"Point","coordinates":[68.77619494999996,30.42671956000001]},"properties":{"_bbox":[68.77619494999996,30.42671956000001,68.77619494999996,30.42671956000001],"Status":"","Tehsil":"Loralai","BM Code":"BLN-LI-L2-00332","LIMS_ID":"B-332","Remarks":"","_center":[68.77619494999996,30.42671956000001],"Distance":"4.62","District":"Loralai","status_1":"Not_Start","Altered X":"","Altered Y":"","Execution":"","Alt Locati":"","Original X":68.77619495,"Original Y":30.42671956,"Within 10k":"A-24"}},{"type":"Feature","geometry":{"type":"Point","coordinates":[68.74933629999997,30.339838999999994]},"properties":{"_bbox":[68.74933629999997,30.339838999999994,68.74933629999997,30.339838999999994],"Status":"","Tehsil":"Loralai","BM Code":"BLN-LI-L2-00333","LIMS_ID":"B-333","Remarks":"","_center":[68.74933629999997,30.339838999999994],"Distance":"9.3","District":"Loralai","status_1":"Not_Start","Altered X":"","Altered Y":"","Execution":"","Alt Locati":"","Original X":68.7493363,"Original Y":30.339839,"Within 10k":"A-24"}},{"type":"Feature","geometry":{"type":"Point","coordinates":[68.75316441999998,30.275973540000006]},"properties":{"_bbox":[68.75316441999998,30.275973540000006,68.75316441999998,30.275973540000006],"Status":"","Tehsil":"Loralai","BM Code":"BLN-LI-L2-00334","LIMS_ID":"B-334","Remarks":"","_center":[68.75316441999998,30.275973540000006],"Distance":"","District":"Loralai","status_1":"Not_Start","Altered X":"","Altered Y":"","Execution":"","Alt Locati":"","Original X":68.75316442,"Original Y":30.27597354,"Within 10k":""}},{"type":"Feature","geometry":{"type":"Point","coordinates":[68.84985199999997,30.453214999999997]},"properties":{"_bbox":[68.84985199999997,30.453214999999997,68.84985199999997,30.453214999999997],"Status":"","Tehsil":"Loralai","BM Code":"BLN-LI-L2-00354","LIMS_ID":"B-354","Remarks":"","_center":[68.84985199999997,30.453214999999997],"Distance":"6.63","District":"Loralai","status_1":"Not_Start","Altered X":"","Altered Y":"","Execution":"","Alt Locati":"","Original X":68.849852,"Original Y":30.453215,"Within 10k":"A-24"}},{"type":"Feature","geometry":{"type":"Point","coordinates":[68.85800524999998,30.362598289999998]},"properties":{"_bbox":[68.85800524999998,30.362598289999998,68.85800524999998,30.362598289999998],"Status":"","Tehsil":"Loralai","BM Code":"BLN-LI-L2-00355","LIMS_ID":"B-355","Remarks":"","_center":[68.85800524999998,30.362598289999998],"Distance":"6.01","District":"Loralai","status_1":"Not_Start","Altered X":"","Altered Y":"","Execution":"","Alt Locati":"","Original X":68.85800525,"Original Y":30.36259829,"Within 10k":"A-24"}},{"type":"Feature","geometry":{"type":"Point","coordinates":[68.96575928999995,30.45257608]},"properties":{"_bbox":[68.96575928999995,30.45257608,68.96575928999995,30.45257608],"Status":"","Tehsil":"Loralai","BM Code":"BLN-LI-L2-00372","LIMS_ID":"B-372","Remarks":"","_center":[68.96575928999995,30.45257608],"Distance":"","District":"Loralai","status_1":"Not_Start","Altered X":"","Altered Y":"","Execution":"","Alt Locati":"","Original X":68.96575929,"Original Y":30.45257608,"Within 10k":""}},{"type":"Feature","geometry":{"type":"Point","coordinates":[68.97002961999998,30.381325180000005]},"properties":{"_bbox":[68.97002961999998,30.381325180000005,68.97002961999998,30.381325180000005],"Status":"","Tehsil":"Loralai","BM Code":"BLN-LI-L2-00373","LIMS_ID":"B-373","Remarks":"","_center":[68.97002961999998,30.381325180000005],"Distance":"","District":"Loralai","status_1":"constructed","Altered X":"","Altered Y":"","Execution":"","Alt Locati":"","Original X":68.97002962,"Original Y":30.38132518,"Within 10k":""}},{"type":"Feature","geometry":{"type":"Point","coordinates":[69.03565199999996,30.362535999999995]},"properties":{"_bbox":[69.03565199999996,30.362535999999995,69.03565199999996,30.362535999999995],"Status":"","Tehsil":"Loralai","BM Code":"BLN-LI-L2-00398","LIMS_ID":"B-398","Remarks":"","_center":[69.03565199999996,30.362535999999995],"Distance":"","District":"Loralai","status_1":"Not_Start","Altered X":"","Altered Y":"","Execution":"","Alt Locati":"","Original X":69.035652,"Original Y":30.362536,"Within 10k":""}},{"type":"Feature","geometry":{"type":"Point","coordinates":[68.96538465999996,30.532429389999997]},"properties":{"_bbox":[68.96538465999996,30.532429389999997,68.96538465999996,30.532429389999997],"Status":"","Tehsil":"Mekhtar","BM Code":"BLN-LI-L2-00371","LIMS_ID":"B-371","Remarks":"","_center":[68.96538465999996,30.532429389999997],"Distance":"","District":"Loralai","status_1":"Not_Start","Altered X":"","Altered Y":"","Execution":"","Alt Locati":"","Original X":68.96538466,"Original Y":30.53242939,"Within 10k":""}},{"type":"Feature","geometry":{"type":"Point","coordinates":[69.08234799999995,30.538432999999994]},"properties":{"_bbox":[69.08234799999995,30.538432999999994,69.08234799999995,30.538432999999994],"Status":"","Tehsil":"Mekhtar","BM Code":"BLN-LI-L2-00396","LIMS_ID":"B-396","Remarks":"","_center":[69.08234799999995,30.538432999999994],"Distance":"","District":"Loralai","status_1":"Not_Start","Altered X":"","Altered Y":"","Execution":"","Alt Locati":"","Original X":69.082348,"Original Y":30.538433,"Within 10k":""}},{"type":"Feature","geometry":{"type":"Point","coordinates":[69.05208369999995,30.438613999999994]},"properties":{"_bbox":[69.05208369999995,30.438613999999994,69.05208369999995,30.438613999999994],"Status":"","Tehsil":"Mekhtar","BM Code":"BLN-LI-L2-00397","LIMS_ID":"B-397","Remarks":"","_center":[69.05208369999995,30.438613999999994],"Distance":"","District":"Loralai","status_1":"Not_Start","Altered X":"","Altered Y":"","Execution":"","Alt Locati":"","Original X":69.0520837,"Original Y":30.438614,"Within 10k":""}},{"type":"Feature","geometry":{"type":"Point","coordinates":[69.18305219999996,30.62611569999999]},"properties":{"_bbox":[69.18305219999996,30.62611569999999,69.18305219999996,30.62611569999999],"Status":"","Tehsil":"Mekhtar","BM Code":"BLN-LI-L2-00420","LIMS_ID":"B-420","Remarks":"","_center":[69.18305219999996,30.62611569999999],"Distance":"","District":"Loralai","status_1":"Not_Start","Altered X":"","Altered Y":"","Execution":"","Alt Locati":"","Original X":69.1830522,"Original Y":30.6261157,"Within 10k":""}},{"type":"Feature","geometry":{"type":"Point","coordinates":[69.20384795999996,30.544177460000007]},"properties":{"_bbox":[69.20384795999996,30.544177460000007,69.20384795999996,30.544177460000007],"Status":"","Tehsil":"Mekhtar","BM Code":"BLN-LI-L2-00421","LIMS_ID":"B-421","Remarks":"","_center":[69.20384795999996,30.544177460000007],"Distance":"","District":"Loralai","status_1":"Not_Start","Altered X":"","Altered Y":"","Execution":"","Alt Locati":"","Original X":69.20384796,"Original Y":30.54417746,"Within 10k":""}},{"type":"Feature","geometry":{"type":"Point","coordinates":[69.17709853999996,30.444045139999993]},"properties":{"_bbox":[69.17709853999996,30.444045139999993,69.17709853999996,30.444045139999993],"Status":"","Tehsil":"Mekhtar","BM Code":"BLN-LI-L2-00422","LIMS_ID":"B-422","Remarks":"","_center":[69.17709853999996,30.444045139999993],"Distance":"","District":"Loralai","status_1":"Not_Start","Altered X":"","Altered Y":"","Execution":"","Alt Locati":"","Original X":69.17709854,"Original Y":30.44404514,"Within 10k":""}},{"type":"Feature","geometry":{"type":"Point","coordinates":[69.26522969999996,30.541341799999994]},"properties":{"_bbox":[69.26522969999996,30.541341799999994,69.26522969999996,30.541341799999994],"Status":"","Tehsil":"Mekhtar","BM Code":"BLN-LI-L2-00445","LIMS_ID":"B-445","Remarks":"","_center":[69.26522969999996,30.541341799999994],"Distance":"","District":"Loralai","status_1":"Not_Start","Altered X":"","Altered Y":"","Execution":"","Alt Locati":"","Original X":69.2652297,"Original Y":30.5413418,"Within 10k":""}},{"type":"Feature","geometry":{"type":"Point","coordinates":[69.27834744999996,30.46802020000001]},"properties":{"_bbox":[69.27834744999996,30.46802020000001,69.27834744999996,30.46802020000001],"Status":"","Tehsil":"Mekhtar","BM Code":"BLN-LI-L2-00446","LIMS_ID":"B-446","Remarks":"","_center":[69.27834744999996,30.46802020000001],"Distance":"","District":"Loralai","status_1":"Not_Start","Altered X":"","Altered Y":"","Execution":"","Alt Locati":"","Original X":69.27834745,"Original Y":30.4680202,"Within 10k":""}},{"type":"Feature","geometry":{"type":"Point","coordinates":[69.27441240999995,30.36194385]},"properties":{"_bbox":[69.27441240999995,30.36194385,69.27441240999995,30.36194385],"Status":"","Tehsil":"Mekhtar","BM Code":"BLN-LI-L2-00447","LIMS_ID":"B-447","Remarks":"","_center":[69.27441240999995,30.36194385],"Distance":"5.26","District":"Loralai","status_1":"Not_Start","Altered X":"","Altered Y":"","Execution":"","Alt Locati":"","Original X":69.27441241,"Original Y":30.36194385,"Within 10k":"A-30"}},{"type":"Feature","geometry":{"type":"Point","coordinates":[69.38235146999996,30.452074749999998]},"properties":{"_bbox":[69.38235146999996,30.452074749999998,69.38235146999996,30.452074749999998],"Status":"","Tehsil":"Mekhtar","BM Code":"BLN-LI-L2-00463","LIMS_ID":"B-463","Remarks":"","_center":[69.38235146999996,30.452074749999998],"Distance":"","District":"Loralai","status_1":"Not_Start","Altered X":"","Altered Y":"","Execution":"","Alt Locati":"","Original X":69.38235147,"Original Y":30.45207475,"Within 10k":""}},{"type":"Feature","geometry":{"type":"Point","coordinates":[69.38820995999997,30.361655420000005]},"properties":{"_bbox":[69.38820995999997,30.361655420000005,69.38820995999997,30.361655420000005],"Status":"","Tehsil":"Mekhtar","BM Code":"BLN-LI-L2-00464","LIMS_ID":"B-464","Remarks":"","_center":[69.38820995999997,30.361655420000005],"Distance":"","District":"Loralai","status_1":"Not_Start","Altered X":"","Altered Y":"","Execution":"","Alt Locati":"","Original X":69.38820996,"Original Y":30.36165542,"Within 10k":""}},{"type":"Feature","geometry":{"type":"Point","coordinates":[69.50830611999996,30.45777559]},"properties":{"_bbox":[69.50830611999996,30.45777559,69.50830611999996,30.45777559],"Status":"","Tehsil":"Mekhtar","BM Code":"BLN-LI-L2-00487","LIMS_ID":"B-487","Remarks":"","_center":[69.50830611999996,30.45777559],"Distance":"","District":"Loralai","status_1":"Not_Start","Altered X":"","Altered Y":"","Execution":"","Alt Locati":"","Original X":69.50830612,"Original Y":30.45777559,"Within 10k":""}},{"type":"Feature","geometry":{"type":"Point","coordinates":[68.33506129999996,30.09825274999999]},"properties":{"_bbox":[68.33506129999996,30.09825274999999,68.33506129999996,30.09825274999999],"Status":"","Tehsil":"Duki","BM Code":"BLN-DK-L2-00260","LIMS_ID":"B-260","Remarks":"","_center":[68.33506129999996,30.09825274999999],"Distance":"","District":"Duki","status_1":"Not_Start","Altered X":"","Altered Y":"","Execution":"","Alt Locati":"","Original X":68.3350613,"Original Y":30.09825275,"Within 10k":""}},{"type":"Feature","geometry":{"type":"Point","coordinates":[68.43101523999997,30.142346679999992]},"properties":{"_bbox":[68.43101523999997,30.142346679999992,68.43101523999997,30.142346679999992],"Status":"","Tehsil":"Duki","BM Code":"BLN-DK-L2-00274","LIMS_ID":"B-274","Remarks":"","_center":[68.43101523999997,30.142346679999992],"Distance":"","District":"Duki","status_1":"Not_Start","Altered X":"","Altered Y":"","Execution":"","Alt Locati":"","Original X":68.43101524,"Original Y":30.14234668,"Within 10k":""}},{"type":"Feature","geometry":{"type":"Point","coordinates":[68.44942049999996,30.086255389999994]},"properties":{"_bbox":[68.44942049999996,30.086255389999994,68.44942049999996,30.086255389999994],"Status":"","Tehsil":"Duki","BM Code":"BLN-DK-L2-00275","LIMS_ID":"B-275","Remarks":"","_center":[68.44942049999996,30.086255389999994],"Distance":"","District":"Duki","status_1":"Not_Start","Altered X":"","Altered Y":"","Execution":"","Alt Locati":"","Original X":68.4494205,"Original Y":30.08625539,"Within 10k":""}},{"type":"Feature","geometry":{"type":"Point","coordinates":[68.47590298999995,29.993605229999996]},"properties":{"_bbox":[68.47590298999995,29.993605229999996,68.47590298999995,29.993605229999996],"Status":"","Tehsil":"Duki","BM Code":"BLN-DK-L2-00276","LIMS_ID":"B-276","Remarks":"","_center":[68.47590298999995,29.993605229999996],"Distance":"","District":"Duki","status_1":"Not_Start","Altered X":"","Altered Y":"","Execution":"","Alt Locati":"","Original X":68.47590299,"Original Y":29.99360523,"Within 10k":"A-20"}},{"type":"Feature","geometry":{"type":"Point","coordinates":[68.55045435999996,30.18103106]},"properties":{"_bbox":[68.55045435999996,30.18103106,68.55045435999996,30.18103106],"Status":"","Tehsil":"Duki","BM Code":"BLN-DK-L2-00291","LIMS_ID":"B-291","Remarks":"","_center":[68.55045435999996,30.18103106],"Distance":"","District":"Duki","status_1":"Not_Start","Altered X":"","Altered Y":"","Execution":"","Alt Locati":"","Original X":68.55045436,"Original Y":30.18103106,"Within 10k":""}},{"type":"Feature","geometry":{"type":"Point","coordinates":[68.55582677999996,30.114014889999996]},"properties":{"_bbox":[68.55582677999996,30.114014889999996,68.55582677999996,30.114014889999996],"Status":"","Tehsil":"Duki","BM Code":"BLN-DK-L2-00292","LIMS_ID":"B-292","Remarks":"","_center":[68.55582677999996,30.114014889999996],"Distance":"","District":"Duki","status_1":"Not_Start","Altered X":"","Altered Y":"","Execution":"","Alt Locati":"","Original X":68.55582678,"Original Y":30.11401489,"Within 10k":""}},{"type":"Feature","geometry":{"type":"Point","coordinates":[68.55592005999996,29.993653989999988]},"properties":{"_bbox":[68.55592005999996,29.993653989999988,68.55592005999996,29.993653989999988],"Status":"","Tehsil":"Duki","BM Code":"BLN-DK-L2-00293","LIMS_ID":"B-293","Remarks":"","_center":[68.55592005999996,29.993653989999988],"Distance":"7.7","District":"Duki","status_1":"Not_Start","Altered X":"","Altered Y":"","Execution":"","Alt Locati":"","Original X":68.55592006,"Original Y":29.99365399,"Within 10k":"A-20"}},{"type":"Feature","geometry":{"type":"Point","coordinates":[68.56116452999997,29.92158269999999]},"properties":{"_bbox":[68.56116452999997,29.92158269999999,68.56116452999997,29.92158269999999],"Status":"","Tehsil":"Duki","BM Code":"BLN-DK-L2-00294","LIMS_ID":"B-294","Remarks":"","_center":[68.56116452999997,29.92158269999999],"Distance":"","District":"Duki","status_1":"Not_Start","Altered X":"","Altered Y":"","Execution":"","Alt Locati":"","Original X":68.56116453,"Original Y":29.9215827,"Within 10k":""}},{"type":"Feature","geometry":{"type":"Point","coordinates":[68.63749999999996,30.259721999999996]},"properties":{"_bbox":[68.63749999999996,30.259721999999996,68.63749999999996,30.259721999999996],"Status":"","Tehsil":"Duki","BM Code":"BLN-DK-L2-00312","LIMS_ID":"B-312","Remarks":"","_center":[68.63749999999996,30.259721999999996],"Distance":"","District":"Duki","status_1":"Not_Start","Altered X":"","Altered Y":"","Execution":"","Alt Locati":"","Original X":68.6375,"Original Y":30.259722,"Within 10k":""}},{"type":"Feature","geometry":{"type":"Point","coordinates":[68.66095317999998,30.178720299999988]},"properties":{"_bbox":[68.66095317999998,30.178720299999988,68.66095317999998,30.178720299999988],"Status":"","Tehsil":"Duki","BM Code":"BLN-DK-L2-00313","LIMS_ID":"B-313","Remarks":"","_center":[68.66095317999998,30.178720299999988],"Distance":"","District":"Duki","status_1":"Not_Start","Altered X":"","Altered Y":"","Execution":"","Alt Locati":"","Original X":68.66095318,"Original Y":30.1787203,"Within 10k":""}},{"type":"Feature","geometry":{"type":"Point","coordinates":[68.65600699999996,30.100007999999992]},"properties":{"_bbox":[68.65600699999996,30.100007999999992,68.65600699999996,30.100007999999992],"Status":"","Tehsil":"Duki","BM Code":"BLN-DK-L2-00314","LIMS_ID":"B-314","Remarks":"","_center":[68.65600699999996,30.100007999999992],"Distance":"","District":"Duki","status_1":"Not_Start","Altered X":"","Altered Y":"","Execution":"","Alt Locati":"","Original X":68.656007,"Original Y":30.100008,"Within 10k":""}},{"type":"Feature","geometry":{"type":"Point","coordinates":[68.63933999999996,30.013365000000007]},"properties":{"_bbox":[68.63933999999996,30.013365000000007,68.63933999999996,30.013365000000007],"Status":"","Tehsil":"Duki","BM Code":"BLN-DK-L2-00315","LIMS_ID":"B-315","Remarks":"","_center":[68.63933999999996,30.013365000000007],"Distance":"","District":"Duki","status_1":"Not_Start","Altered X":"","Altered Y":"","Execution":"","Alt Locati":"","Original X":68.63934,"Original Y":30.013365,"Within 10k":""}},{"type":"Feature","geometry":{"type":"Point","coordinates":[68.75418190999997,30.179613010000004]},"properties":{"_bbox":[68.75418190999997,30.179613010000004,68.75418190999997,30.179613010000004],"Status":"","Tehsil":"Duki","BM Code":"BLN-DK-L2-00335","LIMS_ID":"B-335","Remarks":"","_center":[68.75418190999997,30.179613010000004],"Distance":"","District":"Duki","status_1":"Not_Start","Altered X":"","Altered Y":"","Execution":"","Alt Locati":"","Original X":68.75418191,"Original Y":30.17961301,"Within 10k":""}},{"type":"Feature","geometry":{"type":"Point","coordinates":[68.75910423999997,30.088259069999992]},"properties":{"_bbox":[68.75910423999997,30.088259069999992,68.75910423999997,30.088259069999992],"Status":"","Tehsil":"Duki","BM Code":"BLN-DK-L2-00336","LIMS_ID":"B-336","Remarks":"","_center":[68.75910423999997,30.088259069999992],"Distance":"","District":"Duki","status_1":"Not_Start","Altered X":"","Altered Y":"","Execution":"","Alt Locati":"","Original X":68.75910424,"Original Y":30.08825907,"Within 10k":""}},{"type":"Feature","geometry":{"type":"Point","coordinates":[68.74379788999995,30.01384732]},"properties":{"_bbox":[68.74379788999995,30.01384732,68.74379788999995,30.01384732],"Status":"","Tehsil":"Duki","BM Code":"BLN-DK-L2-00337","LIMS_ID":"B-337","Remarks":"","_center":[68.74379788999995,30.01384732],"Distance":"","District":"Duki","status_1":"Not_Start","Altered X":"","Altered Y":"","Execution":"","Alt Locati":"","Original X":68.74379789,"Original Y":30.01384732,"Within 10k":""}},{"type":"Feature","geometry":{"type":"Point","coordinates":[68.84545309999996,30.170038499999993]},"properties":{"_bbox":[68.84545309999996,30.170038499999993,68.84545309999996,30.170038499999993],"Status":"","Tehsil":"Duki","BM Code":"BLN-DK-L2-00356","LIMS_ID":"B-356","Remarks":"","_center":[68.84545309999996,30.170038499999993],"Distance":"","District":"Duki","status_1":"Not_Start","Altered X":"","Altered Y":"","Execution":"","Alt Locati":"","Original X":68.8454531,"Original Y":30.1700385,"Within 10k":""}},{"type":"Feature","geometry":{"type":"Point","coordinates":[68.85066979999998,30.089619100000004]},"properties":{"_bbox":[68.85066979999998,30.089619100000004,68.85066979999998,30.089619100000004],"Status":"","Tehsil":"Duki","BM Code":"BLN-DK-L2-00357","LIMS_ID":"B-357","Remarks":"","_center":[68.85066979999998,30.089619100000004],"Distance":"","District":"Duki","status_1":"Not_Start","Altered X":"","Altered Y":"","Execution":"","Alt Locati":"","Original X":68.8506698,"Original Y":30.0896191,"Within 10k":""}},{"type":"Feature","geometry":{"type":"Point","coordinates":[68.85154824999996,30.00790349]},"properties":{"_bbox":[68.85154824999996,30.00790349,68.85154824999996,30.00790349],"Status":"","Tehsil":"Duki","BM Code":"BLN-DK-L2-00358","LIMS_ID":"B-358","Remarks":"","_center":[68.85154824999996,30.00790349],"Distance":"","District":"Duki","status_1":"Not_Start","Altered X":"","Altered Y":"","Execution":"","Alt Locati":"","Original X":68.85154825,"Original Y":30.00790349,"Within 10k":""}},{"type":"Feature","geometry":{"type":"Point","coordinates":[68.99428949999997,30.2407714]},"properties":{"_bbox":[68.99428949999997,30.2407714,68.99428949999997,30.2407714],"Status":"","Tehsil":"Duki","BM Code":"BLN-DK-L2-00374","LIMS_ID":"B-374","Remarks":"","_center":[68.99428949999997,30.2407714],"Distance":"","District":"Duki","status_1":"Not_Start","Altered X":"","Altered Y":"","Execution":"","Alt Locati":"","Original X":68.9942895,"Original Y":30.2407714,"Within 10k":""}},{"type":"Feature","geometry":{"type":"Point","coordinates":[68.95914259999996,30.16814370000001]},"properties":{"_bbox":[68.95914259999996,30.16814370000001,68.95914259999996,30.16814370000001],"Status":"","Tehsil":"Duki","BM Code":"BLN-DK-L2-00375","LIMS_ID":"B-375","Remarks":"","_center":[68.95914259999996,30.16814370000001],"Distance":"","District":"Duki","status_1":"Not_Start","Altered X":"","Altered Y":"","Execution":"","Alt Locati":"","Original X":68.9591426,"Original Y":30.1681437,"Within 10k":""}},{"type":"Feature","geometry":{"type":"Point","coordinates":[68.97300479999996,30.090982700000012]},"properties":{"_bbox":[68.97300479999996,30.090982700000012,68.97300479999996,30.090982700000012],"Status":"","Tehsil":"Duki","BM Code":"BLN-DK-L2-00376","LIMS_ID":"B-376","Remarks":"","_center":[68.97300479999996,30.090982700000012],"Distance":"","District":"Duki","status_1":"Not_Start","Altered X":"","Altered Y":"","Execution":"","Alt Locati":"","Original X":68.9730048,"Original Y":30.0909827,"Within 10k":""}},{"type":"Feature","geometry":{"type":"Point","coordinates":[68.99043449999998,30.014901999999992]},"properties":{"_bbox":[68.99043449999998,30.014901999999992,68.99043449999998,30.014901999999992],"Status":"","Tehsil":"Duki","BM Code":"BLN-DK-L2-00377","LIMS_ID":"B-377","Remarks":"","_center":[68.99043449999998,30.014901999999992],"Distance":"","District":"Duki","status_1":"Not_Start","Altered X":"","Altered Y":"","Execution":"","Alt Locati":"","Original X":68.9904345,"Original Y":30.014902,"Within 10k":""}},{"type":"Feature","geometry":{"type":"Point","coordinates":[69.05819079999996,30.267434200000004]},"properties":{"_bbox":[69.05819079999996,30.267434200000004,69.05819079999996,30.267434200000004],"Status":"","Tehsil":"Duki","BM Code":"BLN-DK-L2-00399","LIMS_ID":"B-399","Remarks":"","_center":[69.05819079999996,30.267434200000004],"Distance":"","District":"Duki","status_1":"Not_Start","Altered X":"","Altered Y":"","Execution":"","Alt Locati":"","Original X":69.0581908,"Original Y":30.2674342,"Within 10k":""}},{"type":"Feature","geometry":{"type":"Point","coordinates":[69.07636800999997,30.19373699999999]},"properties":{"_bbox":[69.07636800999997,30.19373699999999,69.07636800999997,30.19373699999999],"Status":"","Tehsil":"Duki","BM Code":"BLN-DK-L2-00400","LIMS_ID":"B-400","Remarks":"","_center":[69.07636800999997,30.19373699999999],"Distance":"","District":"Duki","status_1":"Not_Start","Altered X":"","Altered Y":"","Execution":"","Alt Locati":"","Original X":69.07636801,"Original Y":30.193737,"Within 10k":""}},{"type":"Feature","geometry":{"type":"Point","coordinates":[69.08435019999996,30.092032999999997]},"properties":{"_bbox":[69.08435019999996,30.092032999999997,69.08435019999996,30.092032999999997],"Status":"","Tehsil":"Duki","BM Code":"BLN-DK-L2-00401","LIMS_ID":"B-401","Remarks":"","_center":[69.08435019999996,30.092032999999997],"Distance":"","District":"Duki","status_1":"Not_Start","Altered X":"","Altered Y":"","Execution":"","Alt Locati":"","Original X":69.0843502,"Original Y":30.092033,"Within 10k":""}},{"type":"Feature","geometry":{"type":"Point","coordinates":[69.07748694999995,30.003027150000005]},"properties":{"_bbox":[69.07748694999995,30.003027150000005,69.07748694999995,30.003027150000005],"Status":"","Tehsil":"Duki","BM Code":"BLN-DK-L2-00402","LIMS_ID":"B-402","Remarks":"","_center":[69.07748694999995,30.003027150000005],"Distance":"","District":"Duki","status_1":"Not_Start","Altered X":"","Altered Y":"","Execution":"","Alt Locati":"","Original X":69.07748695,"Original Y":30.00302715,"Within 10k":""}},{"type":"Feature","geometry":{"type":"Point","coordinates":[69.19865479999996,30.344778350000006]},"properties":{"_bbox":[69.19865479999996,30.344778350000006,69.19865479999996,30.344778350000006],"Status":"","Tehsil":"Duki","BM Code":"BLN-DK-L2-00423","LIMS_ID":"B-423","Remarks":"","_center":[69.19865479999996,30.344778350000006],"Distance":"8.01","District":"Duki","status_1":"Not_Start","Altered X":"","Altered Y":"","Execution":"","Alt Locati":"","Original X":69.1986548,"Original Y":30.34477835,"Within 10k":"A-30"}},{"type":"Feature","geometry":{"type":"Point","coordinates":[69.17817229999997,30.2749964]},"properties":{"_bbox":[69.17817229999997,30.2749964,69.17817229999997,30.2749964],"Status":"","Tehsil":"Duki","BM Code":"BLN-DK-L2-00424","LIMS_ID":"B-424","Remarks":"","_center":[69.17817229999997,30.2749964],"Distance":"","District":"Duki","status_1":"Not_Start","Altered X":"","Altered Y":"","Execution":"","Alt Locati":"","Original X":69.1781723,"Original Y":30.2749964,"Within 10k":""}},{"type":"Feature","geometry":{"type":"Point","coordinates":[69.16593019999996,30.18164222]},"properties":{"_bbox":[69.16593019999996,30.18164222,69.16593019999996,30.18164222],"Status":"","Tehsil":"Duki","BM Code":"BLN-DK-L2-00425","LIMS_ID":"B-425","Remarks":"","_center":[69.16593019999996,30.18164222],"Distance":"","District":"Duki","status_1":"Not_Start","Altered X":"","Altered Y":"","Execution":"","Alt Locati":"","Original X":69.1659302,"Original Y":30.18164222,"Within 10k":""}},{"type":"Feature","geometry":{"type":"Point","coordinates":[69.16498041999996,30.097025770000002]},"properties":{"_bbox":[69.16498041999996,30.097025770000002,69.16498041999996,30.097025770000002],"Status":"","Tehsil":"Duki","BM Code":"BLN-DK-L2-00426","LIMS_ID":"B-426","Remarks":"","_center":[69.16498041999996,30.097025770000002],"Distance":"","District":"Duki","status_1":"Not_Start","Altered X":"","Altered Y":"","Execution":"","Alt Locati":"","Original X":69.16498042,"Original Y":30.09702577,"Within 10k":""}},{"type":"Feature","geometry":{"type":"Point","coordinates":[69.16223998999996,30.006736040000003]},"properties":{"_bbox":[69.16223998999996,30.006736040000003,69.16223998999996,30.006736040000003],"Status":"","Tehsil":"Duki","BM Code":"BLN-DK-L2-00427","LIMS_ID":"B-427","Remarks":"","_center":[69.16223998999996,30.006736040000003],"Distance":"","District":"Duki","status_1":"Not_Start","Altered X":"","Altered Y":"","Execution":"","Alt Locati":"","Original X":69.16223999,"Original Y":30.00673604,"Within 10k":""}},{"type":"Feature","geometry":{"type":"Point","coordinates":[69.27456769999996,30.1726536]},"properties":{"_bbox":[69.27456769999996,30.1726536,69.27456769999996,30.1726536],"Status":"","Tehsil":"Duki","BM Code":"BLN-DK-L2-00448","LIMS_ID":"B-448","Remarks":"","_center":[69.27456769999996,30.1726536],"Distance":"","District":"Duki","status_1":"Not_Start","Altered X":"","Altered Y":"","Execution":"","Alt Locati":"","Original X":69.2745677,"Original Y":30.1726536,"Within 10k":""}},{"type":"Feature","geometry":{"type":"Point","coordinates":[69.27735989999996,30.11768005]},"properties":{"_bbox":[69.27735989999996,30.11768005,69.27735989999996,30.11768005],"Status":"","Tehsil":"Duki","BM Code":"BLN-DK-L2-00449","LIMS_ID":"B-449","Remarks":"","_center":[69.27735989999996,30.11768005],"Distance":"","District":"Duki","status_1":"Not_Start","Altered X":"","Altered Y":"","Execution":"","Alt Locati":"","Original X":69.2773599,"Original Y":30.11768005,"Within 10k":""}},{"type":"Feature","geometry":{"type":"Point","coordinates":[69.37499999999996,30.275]},"properties":{"_bbox":[69.37499999999996,30.275,69.37499999999996,30.275],"Status":"","Tehsil":"Duki","BM Code":"BLN-DK-L2-00465","LIMS_ID":"B-465","Remarks":"","_center":[69.37499999999996,30.275],"Distance":"","District":"Duki","status_1":"Not_Start","Altered X":"","Altered Y":"","Execution":"","Alt Locati":"","Original X":69.375,"Original Y":30.275,"Within 10k":""}},{"type":"Feature","geometry":{"type":"Point","coordinates":[69.41666699999998,30.188889000000007]},"properties":{"_bbox":[69.41666699999998,30.188889000000007,69.41666699999998,30.188889000000007],"Status":"","Tehsil":"Duki","BM Code":"BLN-DK-L2-00466","LIMS_ID":"B-466","Remarks":"","_center":[69.41666699999998,30.188889000000007],"Distance":"","District":"Duki","status_1":"Not_Start","Altered X":"","Altered Y":"","Execution":"","Alt Locati":"","Original X":69.416667,"Original Y":30.188889,"Within 10k":""}},{"type":"Feature","geometry":{"type":"Point","coordinates":[69.38716699999996,30.094622999999988]},"properties":{"_bbox":[69.38716699999996,30.094622999999988,69.38716699999996,30.094622999999988],"Status":"","Tehsil":"Duki","BM Code":"BLN-DK-L2-00467","LIMS_ID":"B-467","Remarks":"","_center":[69.38716699999996,30.094622999999988],"Distance":"","District":"Duki","status_1":"Not_Start","Altered X":"","Altered Y":"","Execution":"","Alt Locati":"","Original X":69.387167,"Original Y":30.094623,"Within 10k":""}},{"type":"Feature","geometry":{"type":"Point","coordinates":[69.51632014999997,30.355562340000002]},"properties":{"_bbox":[69.51632014999997,30.355562340000002,69.51632014999997,30.355562340000002],"Status":"","Tehsil":"Duki","BM Code":"BLN-DK-L2-00488","LIMS_ID":"B-488","Remarks":"","_center":[69.51632014999997,30.355562340000002],"Distance":"","District":"Duki","status_1":"Not_Start","Altered X":"","Altered Y":"","Execution":"","Alt Locati":"","Original X":69.51632015,"Original Y":30.35556234,"Within 10k":""}},{"type":"Feature","geometry":{"type":"Point","coordinates":[69.48756024999997,30.24377771]},"properties":{"_bbox":[69.48756024999997,30.24377771,69.48756024999997,30.24377771],"Status":"","Tehsil":"Duki","BM Code":"BLN-DK-L2-00489","LIMS_ID":"B-489","Remarks":"","_center":[69.48756024999997,30.24377771],"Distance":"","District":"Duki","status_1":"Not_Start","Altered X":"","Altered Y":"","Execution":"","Alt Locati":"","Original X":69.48756025,"Original Y":30.24377771,"Within 10k":""}},{"type":"Feature","geometry":{"type":"Point","coordinates":[69.48238268999997,30.19333197999999]},"properties":{"_bbox":[69.48238268999997,30.19333197999999,69.48238268999997,30.19333197999999],"Status":"","Tehsil":"Duki","BM Code":"BLN-DK-L2-00490","LIMS_ID":"B-490","Remarks":"","_center":[69.48238268999997,30.19333197999999],"Distance":"","District":"Duki","status_1":"Not_Start","Altered X":"","Altered Y":"","Execution":"","Alt Locati":"","Original X":69.48238269,"Original Y":30.19333198,"Within 10k":""}},{"type":"Feature","geometry":{"type":"Point","coordinates":[69.59478626999996,30.373201290000004]},"properties":{"_bbox":[69.59478626999996,30.373201290000004,69.59478626999996,30.373201290000004],"Status":"","Tehsil":"Duki","BM Code":"BLN-DK-L2-00510","LIMS_ID":"B-510","Remarks":"","_center":[69.59478626999996,30.373201290000004],"Distance":"","District":"Duki","status_1":"Not_Start","Altered X":"","Altered Y":"","Execution":"","Alt Locati":"","Original X":69.59478627,"Original Y":30.37320129,"Within 10k":""}},{"type":"Feature","geometry":{"type":"Point","coordinates":[69.58333299999995,30.233332999999995]},"properties":{"_bbox":[69.58333299999995,30.233332999999995,69.58333299999995,30.233332999999995],"Status":"","Tehsil":"Duki","BM Code":"BLN-DK-L2-00511","LIMS_ID":"B-511","Remarks":"","_center":[69.58333299999995,30.233332999999995],"Distance":"","District":"Duki","status_1":"Not_Start","Altered X":"","Altered Y":"","Execution":"","Alt Locati":"","Original X":69.583333,"Original Y":30.233333,"Within 10k":""}},{"type":"Feature","geometry":{"type":"Point","coordinates":[69.59242903999996,30.17773308]},"properties":{"_bbox":[69.59242903999996,30.17773308,69.59242903999996,30.17773308],"Status":"","Tehsil":"Duki","BM Code":"BLN-DK-L2-00512","LIMS_ID":"B-512","Remarks":"","_center":[69.59242903999996,30.17773308],"Distance":"","District":"Duki","status_1":"Not_Start","Altered X":"","Altered Y":"","Execution":"","Alt Locati":"","Original X":69.59242904,"Original Y":30.17773308,"Within 10k":""}},{"type":"Feature","geometry":{"type":"Point","coordinates":[69.68330851999995,30.364230340000006]},"properties":{"_bbox":[69.68330851999995,30.364230340000006,69.68330851999995,30.364230340000006],"Status":"","Tehsil":"Duki","BM Code":"BLN-DK-L2-00530","LIMS_ID":"B-530","Remarks":"","_center":[69.68330851999995,30.364230340000006],"Distance":"","District":"Duki","status_1":"Not_Start","Altered X":"","Altered Y":"","Execution":"","Alt Locati":"","Original X":69.68330852,"Original Y":30.36423034,"Within 10k":""}},{"type":"Feature","geometry":{"type":"Point","coordinates":[69.06525940999997,29.734056700000007]},"properties":{"_bbox":[69.06525940999997,29.734056700000007,69.06525940999997,29.734056700000007],"Status":"","Tehsil":"Barkhan","BM Code":"BLN-BE-L2-00405","LIMS_ID":"B-405","Remarks":"Risk of flooding; point needs relocation.","_center":[69.06525940999997,29.734056700000007],"Distance":"125m","District":"Barkhan","status_1":"Not_Start","Altered X":"69.06511777","Altered Y":"29.73512694","Execution":"","Alt Locati":"","Original X":69.06525941,"Original Y":29.7340567,"Within 10k":""}},{"type":"Feature","geometry":{"type":"Point","coordinates":[69.14970163999995,29.746597889999997]},"properties":{"_bbox":[69.14970163999995,29.746597889999997,69.14970163999995,29.746597889999997],"Status":"","Tehsil":"Barkhan","BM Code":"BLN-BE-L2-00430","LIMS_ID":"B-430","Remarks":"Point Accessible","_center":[69.14970163999995,29.746597889999997],"Distance":"","District":"Barkhan","status_1":"Not_Start","Altered X":"","Altered Y":"","Execution":"","Alt Locati":"","Original X":69.14970164,"Original Y":29.74659789,"Within 10k":""}},{"type":"Feature","geometry":{"type":"Point","coordinates":[69.24989929999995,29.801746299999998]},"properties":{"_bbox":[69.24989929999995,29.801746299999998,69.24989929999995,29.801746299999998],"Status":"","Tehsil":"Barkhan","BM Code":"BLN-BE-L2-00451","LIMS_ID":"B-451","Remarks":"Point Accessible","_center":[69.24989929999995,29.801746299999998],"Distance":"","District":"Barkhan","status_1":"Not_Start","Altered X":"","Altered Y":"","Execution":"","Alt Locati":"","Original X":69.2498993,"Original Y":29.8017463,"Within 10k":""}},{"type":"Feature","geometry":{"type":"Point","coordinates":[69.27625875999998,29.71961151999999]},"properties":{"_bbox":[69.27625875999998,29.71961151999999,69.27625875999998,29.71961151999999],"Status":"","Tehsil":"Barkhan","BM Code":"BLN-BE-L2-00452","LIMS_ID":"B-452","Remarks":"Point Accessible","_center":[69.27625875999998,29.71961151999999],"Distance":"","District":"Barkhan","status_1":"Not_Start","Altered X":"","Altered Y":"","Execution":"","Alt Locati":"","Original X":69.27625876,"Original Y":29.71961152,"Within 10k":""}},{"type":"Feature","geometry":{"type":"Point","coordinates":[69.30698596999996,29.664435729999987]},"properties":{"_bbox":[69.30698596999996,29.664435729999987,69.30698596999996,29.664435729999987],"Status":"","Tehsil":"Barkhan","BM Code":"BLN-BE-L2-00453","LIMS_ID":"B-453","Remarks":"Point Accessible","_center":[69.30698596999996,29.664435729999987],"Distance":"","District":"Barkhan","status_1":"constructed","Altered X":"","Altered Y":"","Execution":"","Alt Locati":"","Original X":69.2964258,"Original Y":29.659417,"Within 10k":""}},{"type":"Feature","geometry":{"type":"Point","coordinates":[69.41625279999995,29.8251838]},"properties":{"_bbox":[69.41625279999995,29.8251838,69.41625279999995,29.8251838],"Status":"","Tehsil":"Barkhan","BM Code":"BLN-BE-L2-00470","LIMS_ID":"B-470","Remarks":"Point Accessible","_center":[69.41625279999995,29.8251838],"Distance":"","District":"Barkhan","status_1":"Not_Start","Altered X":"","Altered Y":"","Execution":"","Alt Locati":"","Original X":69.4162528,"Original Y":29.8251838,"Within 10k":""}},{"type":"Feature","geometry":{"type":"Point","coordinates":[69.37409229999996,29.725469200000003]},"properties":{"_bbox":[69.37409229999996,29.725469200000003,69.37409229999996,29.725469200000003],"Status":"","Tehsil":"Barkhan","BM Code":"BLN-BE-L2-00471","LIMS_ID":"B-471","Remarks":"Point Accessible","_center":[69.37409229999996,29.725469200000003],"Distance":"","District":"Barkhan","status_1":"Not_Start","Altered X":"","Altered Y":"","Execution":"","Alt Locati":"","Original X":69.3740923,"Original Y":29.7254692,"Within 10k":""}},{"type":"Feature","geometry":{"type":"Point","coordinates":[69.39304629999997,29.660850999999994]},"properties":{"_bbox":[69.39304629999997,29.660850999999994,69.39304629999997,29.660850999999994],"Status":"","Tehsil":"Barkhan","BM Code":"BLN-BE-L2-00472","LIMS_ID":"B-472","Remarks":"Point Accessible","_center":[69.39304629999997,29.660850999999994],"Distance":"","District":"Barkhan","status_1":"constructed","Altered X":"","Altered Y":"","Execution":"","Alt Locati":"","Original X":69.3930463,"Original Y":29.660851,"Within 10k":""}},{"type":"Feature","geometry":{"type":"Point","coordinates":[69.49031353999996,30.079522759999996]},"properties":{"_bbox":[69.49031353999996,30.079522759999996,69.49031353999996,30.079522759999996],"Status":"","Tehsil":"Barkhan","BM Code":"BLN-BE-L2-00491","LIMS_ID":"B-491","Remarks":"Not Accessible, Mountainous region.","_center":[69.49031353999996,30.079522759999996],"Distance":"","District":"Barkhan","status_1":"Not_Start","Altered X":"","Altered Y":"","Execution":"","Alt Locati":"","Original X":69.49031354,"Original Y":30.07952276,"Within 10k":""}},{"type":"Feature","geometry":{"type":"Point","coordinates":[69.48272398999997,29.99427943]},"properties":{"_bbox":[69.48272398999997,29.99427943,69.48272398999997,29.99427943],"Status":"","Tehsil":"Barkhan","BM Code":"BLN-BE-L2-00492","LIMS_ID":"B-492","Remarks":"Not Accessible, Mountainous region.","_center":[69.48272398999997,29.99427943],"Distance":"","District":"Barkhan","status_1":"Not_Start","Altered X":"","Altered Y":"","Execution":"","Alt Locati":"","Original X":69.48272399,"Original Y":29.99427943,"Within 10k":""}},{"type":"Feature","geometry":{"type":"Point","coordinates":[69.51040084170258,29.900226427758504]},"properties":{"_bbox":[69.51040084170258,29.900226427758504,69.51040084170258,29.900226427758504],"Status":"","Tehsil":"Barkhan","BM Code":"BLN-BE-L2-00493","LIMS_ID":"B-493","Remarks":"Not Accessible, Mountainous region.","_center":[69.51040084170258,29.900226427758504],"Distance":"2.6","District":"Barkhan","status_1":"constructed","Altered X":"69.51392690","Altered Y":"29.89972309","Execution":"","Alt Locati":"","Original X":69.48791504,"Original Y":29.90612793,"Within 10k":""}},{"type":"Feature","geometry":{"type":"Point","coordinates":[69.4986970173754,29.81478854895322]},"properties":{"_bbox":[69.4986970173754,29.81478854895322,69.4986970173754,29.81478854895322],"Status":"","Tehsil":"Barkhan","BM Code":"BLN-BE-L2-00494","LIMS_ID":"B-494","Remarks":"Point Accessible","_center":[69.4986970173754,29.81478854895322],"Distance":"","District":"Barkhan","status_1":"constructed","Altered X":"","Altered Y":"","Execution":"","Alt Locati":"","Original X":69.48293792,"Original Y":29.82053198,"Within 10k":""}},{"type":"Feature","geometry":{"type":"Point","coordinates":[69.47250819999995,29.717648300000004]},"properties":{"_bbox":[69.47250819999995,29.717648300000004,69.47250819999995,29.717648300000004],"Status":"","Tehsil":"Barkhan","BM Code":"BLN-BE-L2-00495","LIMS_ID":"B-495","Remarks":"Point Accessible","_center":[69.47250819999995,29.717648300000004],"Distance":"","District":"Barkhan","status_1":"scurity risk/helt","Altered X":"","Altered Y":"","Execution":"","Alt Locati":"","Original X":69.4725082,"Original Y":29.7176483,"Within 10k":""}},{"type":"Feature","geometry":{"type":"Point","coordinates":[69.58735751999996,30.096279199999994]},"properties":{"_bbox":[69.58735751999996,30.096279199999994,69.58735751999996,30.096279199999994],"Status":"","Tehsil":"Barkhan","BM Code":"BLN-BE-L2-00513","LIMS_ID":"B-513","Remarks":"Not Accessible, Mountainous region.","_center":[69.58735751999996,30.096279199999994],"Distance":"2.1","District":"Barkhan","status_1":"Not_Start","Altered X":"69.60534133","Altered Y":"30.10774330","Execution":"","Alt Locati":"","Original X":69.58735752,"Original Y":30.0962792,"Within 10k":""}},{"type":"Feature","geometry":{"type":"Point","coordinates":[69.61197149999995,30.001040199999995]},"properties":{"_bbox":[69.61197149999995,30.001040199999995,69.61197149999995,30.001040199999995],"Status":"","Tehsil":"Barkhan","BM Code":"BLN-BE-L2-00514","LIMS_ID":"B-514","Remarks":"Point Accessible","_center":[69.61197149999995,30.001040199999995],"Distance":"7.92","District":"Barkhan","status_1":"Not_Start","Altered X":"","Altered Y":"","Execution":"","Alt Locati":"","Original X":69.6119715,"Original Y":30.0010402,"Within 10k":"A-38"}},{"type":"Feature","geometry":{"type":"Point","coordinates":[69.59562379999996,29.910588200000003]},"properties":{"_bbox":[69.59562379999996,29.910588200000003,69.59562379999996,29.910588200000003],"Status":"","Tehsil":"Barkhan","BM Code":"BLN-BE-L2-00515","LIMS_ID":"B-515","Remarks":"Point Accessible","_center":[69.59562379999996,29.910588200000003],"Distance":"10.1","District":"Barkhan","status_1":"constructed","Altered X":"","Altered Y":"","Execution":"","Alt Locati":"","Original X":69.5956238,"Original Y":29.9105882,"Within 10k":"A-38"}},{"type":"Feature","geometry":{"type":"Point","coordinates":[69.60277799999996,29.808333]},"properties":{"_bbox":[69.60277799999996,29.808333,69.60277799999996,29.808333],"Status":"","Tehsil":"Barkhan","BM Code":"BLN-BE-L2-00516","LIMS_ID":"B-516","Remarks":"Not Accessible, Mountainous region.","_center":[69.60277799999996,29.808333],"Distance":"5km","District":"Barkhan","status_1":"Not_Start","Altered X":"69.55321793","Altered Y":"29.82217477","Execution":"","Alt Locati":"","Original X":69.602778,"Original Y":29.808333,"Within 10k":""}},{"type":"Feature","geometry":{"type":"Point","coordinates":[69.68589599999996,30.18364499999999]},"properties":{"_bbox":[69.68589599999996,30.18364499999999,69.68589599999996,30.18364499999999],"Status":"","Tehsil":"Barkhan","BM Code":"BLN-BE-L2-00531","LIMS_ID":"B-531","Remarks":"Point Accessible","_center":[69.68589599999996,30.18364499999999],"Distance":"8.45","District":"Barkhan","status_1":"Not_Start","Altered X":"","Altered Y":"","Execution":"","Alt Locati":"","Original X":69.685896,"Original Y":30.183645,"Within 10k":"A-37"}},{"type":"Feature","geometry":{"type":"Point","coordinates":[69.68648129999997,30.09544]},"properties":{"_bbox":[69.68648129999997,30.09544,69.68648129999997,30.09544],"Status":"","Tehsil":"Barkhan","BM Code":"BLN-BE-L2-00532","LIMS_ID":"B-532","Remarks":"Point Accessible","_center":[69.68648129999997,30.09544],"Distance":"","District":"Barkhan","status_1":"Not_Start","Altered X":"","Altered Y":"","Execution":"","Alt Locati":"","Original X":69.6864813,"Original Y":30.09544,"Within 10k":""}},{"type":"Feature","geometry":{"type":"Point","coordinates":[69.69229909999996,29.999416899999996]},"properties":{"_bbox":[69.69229909999996,29.999416899999996,69.69229909999996,29.999416899999996],"Status":"","Tehsil":"Barkhan","BM Code":"BLN-BE-L2-00533","LIMS_ID":"B-533","Remarks":"Point Accessible","_center":[69.69229909999996,29.999416899999996],"Distance":"8.1","District":"Barkhan","status_1":"constructed","Altered X":"","Altered Y":"","Execution":"","Alt Locati":"","Original X":69.6922991,"Original Y":29.9994169,"Within 10k":"A-38"}},{"type":"Feature","geometry":{"type":"Point","coordinates":[69.77755399999995,30.271307000000004]},"properties":{"_bbox":[69.77755399999995,30.271307000000004,69.77755399999995,30.271307000000004],"Status":"","Tehsil":"Barkhan","BM Code":"BLN-BE-L2-00547","LIMS_ID":"B-547","Remarks":"due to 6.2km from 1st level we need to move 2nd level as per SOP","_center":[69.77755399999995,30.271307000000004],"Distance":"6.2/8.6km","District":"Barkhan","status_1":"Not_Start","Altered X":"69.79825084","Altered Y":"30.28743588","Execution":"","Alt Locati":"","Original X":69.777554,"Original Y":30.271307,"Within 10k":"A-37"}},{"type":"Feature","geometry":{"type":"Point","coordinates":[69.80576269999996,30.169156799999993]},"properties":{"_bbox":[69.80576269999996,30.169156799999993,69.80576269999996,30.169156799999993],"Status":"","Tehsil":"Barkhan","BM Code":"BLN-BE-L2-00548","LIMS_ID":"B-548","Remarks":"Point Accessible","_center":[69.80576269999996,30.169156799999993],"Distance":"","District":"Barkhan","status_1":"Not_Start","Altered X":"","Altered Y":"","Execution":"","Alt Locati":"","Original X":69.8057627,"Original Y":30.1691568,"Within 10k":""}},{"type":"Feature","geometry":{"type":"Point","coordinates":[69.78333299999997,30.086111000000002]},"properties":{"_bbox":[69.78333299999997,30.086111000000002,69.78333299999997,30.086111000000002],"Status":"","Tehsil":"Barkhan","BM Code":"BLN-BE-L2-00549","LIMS_ID":"B-549","Remarks":"Point Accessible","_center":[69.78333299999997,30.086111000000002],"Distance":"","District":"Barkhan","status_1":"Not_Start","Altered X":"","Altered Y":"","Execution":"","Alt Locati":"","Original X":69.783333,"Original Y":30.086111,"Within 10k":""}},{"type":"Feature","geometry":{"type":"Point","coordinates":[69.77863569999995,30.003624500000004]},"properties":{"_bbox":[69.77863569999995,30.003624500000004,69.77863569999995,30.003624500000004],"Status":"","Tehsil":"Barkhan","BM Code":"BLN-BE-L2-00550","LIMS_ID":"B-550","Remarks":"Point Accessible","_center":[69.77863569999995,30.003624500000004],"Distance":"","District":"Barkhan","status_1":"Not_Start","Altered X":"","Altered Y":"","Execution":"","Alt Locati":"","Original X":69.7786357,"Original Y":30.0036245,"Within 10k":""}},{"type":"Feature","geometry":{"type":"Point","coordinates":[69.63657399999995,29.736147000000003]},"properties":{"_bbox":[69.63657399999995,29.736147000000003,69.63657399999995,29.736147000000003],"Status":"","Tehsil":"Rakhni","BM Code":"BLN-BE-L2-00517","LIMS_ID":"B-517","Remarks":"Point Accessible","_center":[69.63657399999995,29.736147000000003],"Distance":"","District":"Barkhan","status_1":"Not_Start","Altered X":"","Altered Y":"","Execution":"","Alt Locati":"","Original X":69.636574,"Original Y":29.736147,"Within 10k":""}},{"type":"Feature","geometry":{"type":"Point","coordinates":[69.69895163999996,29.81825552]},"properties":{"_bbox":[69.69895163999996,29.81825552,69.69895163999996,29.81825552],"Status":"","Tehsil":"Rakhni","BM Code":"BLN-BE-L2-00534","LIMS_ID":"B-534","Remarks":"Point Accessible","_center":[69.69895163999996,29.81825552],"Distance":"","District":"Barkhan","status_1":"Not_Start","Altered X":"","Altered Y":"","Execution":"","Alt Locati":"","Original X":69.69895164,"Original Y":29.81825552,"Within 10k":""}},{"type":"Feature","geometry":{"type":"Point","coordinates":[69.80630699999996,29.91194000000001]},"properties":{"_bbox":[69.80630699999996,29.91194000000001,69.80630699999996,29.91194000000001],"Status":"","Tehsil":"Rakhni","BM Code":"BLN-BE-L2-00551","LIMS_ID":"B-551","Remarks":"Point Accessible","_center":[69.80630699999996,29.91194000000001],"Distance":"","District":"Barkhan","status_1":"Not_Start","Altered X":"","Altered Y":"","Execution":"","Alt Locati":"","Original X":69.806307,"Original Y":29.91194,"Within 10k":""}},{"type":"Feature","geometry":{"type":"Point","coordinates":[69.89898789999997,30.264909500000005]},"properties":{"_bbox":[69.89898789999997,30.264909500000005,69.89898789999997,30.264909500000005],"Status":"","Tehsil":"Rakhni","BM Code":"BLN-BE-L2-00564","LIMS_ID":"B-564","Remarks":"Point Accessible","_center":[69.89898789999997,30.264909500000005],"Distance":"","District":"Barkhan","status_1":"Not_Start","Altered X":"","Altered Y":"","Execution":"","Alt Locati":"","Original X":69.8989879,"Original Y":30.2649095,"Within 10k":""}},{"type":"Feature","geometry":{"type":"Point","coordinates":[69.87719459999997,30.171466599999995]},"properties":{"_bbox":[69.87719459999997,30.171466599999995,69.87719459999997,30.171466599999995],"Status":"","Tehsil":"Rakhni","BM Code":"BLN-BE-L2-00565","LIMS_ID":"B-565","Remarks":"Point Accessible","_center":[69.87719459999997,30.171466599999995],"Distance":"","District":"Barkhan","status_1":"Not_Start","Altered X":"","Altered Y":"","Execution":"","Alt Locati":"","Original X":69.8771946,"Original Y":30.1714666,"Within 10k":""}},{"type":"Feature","geometry":{"type":"Point","coordinates":[69.89514399999996,30.091520999999997]},"properties":{"_bbox":[69.89514399999996,30.091520999999997,69.89514399999996,30.091520999999997],"Status":"","Tehsil":"Rakhni","BM Code":"BLN-BE-L2-00566","LIMS_ID":"B-566","Remarks":"Point Accessible","_center":[69.89514399999996,30.091520999999997],"Distance":"","District":"Barkhan","status_1":"Not_Start","Altered X":"","Altered Y":"","Execution":"","Alt Locati":"","Original X":69.895144,"Original Y":30.091521,"Within 10k":""}},{"type":"Feature","geometry":{"type":"Point","coordinates":[70.00537004999995,30.26837419999999]},"properties":{"_bbox":[70.00537004999995,30.26837419999999,70.00537004999995,30.26837419999999],"Status":"","Tehsil":"Rakhni","BM Code":"BLN-BE-L2-00577","LIMS_ID":"B-577","Remarks":"Point Accessible","_center":[70.00537004999995,30.26837419999999],"Distance":"","District":"Barkhan","status_1":"Not_Start","Altered X":"","Altered Y":"","Execution":"","Alt Locati":"","Original X":70.00537005,"Original Y":30.2683742,"Within 10k":""}},{"type":"Feature","geometry":{"type":"Point","coordinates":[70.12198080999995,31.08042018999999]},"properties":{"_bbox":[70.12198080999995,31.08042018999999,70.12198080999995,31.08042018999999],"Status":"","Tehsil":"Drug","BM Code":"BLN-MK-L2-00580","LIMS_ID":"B-580","Remarks":"","_center":[70.12198080999995,31.08042018999999],"Distance":"","District":"Musakhel","status_1":"Not_Start","Altered X":"","Altered Y":"","Execution":"","Alt Locati":"","Original X":70.12198081,"Original Y":31.08042019,"Within 10k":""}},{"type":"Feature","geometry":{"type":"Point","coordinates":[70.11592228999997,30.88369409]},"properties":{"_bbox":[70.11592228999997,30.88369409,70.11592228999997,30.88369409],"Status":"","Tehsil":"Drug","BM Code":"BLN-MK-L2-00581","LIMS_ID":"B-581","Remarks":"","_center":[70.11592228999997,30.88369409],"Distance":"7.29","District":"Musakhel","status_1":"Not_Start","Altered X":"","Altered Y":"","Execution":"","Alt Locati":"","Original X":70.11592229,"Original Y":30.88369409,"Within 10k":"A-41"}},{"type":"Feature","geometry":{"type":"Point","coordinates":[70.13106429999996,30.794367300000008]},"properties":{"_bbox":[70.13106429999996,30.794367300000008,70.13106429999996,30.794367300000008],"Status":"","Tehsil":"Drug","BM Code":"BLN-MK-L2-00582","LIMS_ID":"B-582","Remarks":"","_center":[70.13106429999996,30.794367300000008],"Distance":"","District":"Musakhel","status_1":"Not_Start","Altered X":"","Altered Y":"","Execution":"","Alt Locati":"","Original X":70.1310643,"Original Y":30.7943673,"Within 10k":""}},{"type":"Feature","geometry":{"type":"Point","coordinates":[70.22214627999996,30.988381889999996]},"properties":{"_bbox":[70.22214627999996,30.988381889999996,70.22214627999996,30.988381889999996],"Status":"","Tehsil":"Drug","BM Code":"BLN-MK-L2-00583","LIMS_ID":"B-583","Remarks":"","_center":[70.22214627999996,30.988381889999996],"Distance":"9.63","District":"Musakhel","status_1":"Not_Start","Altered X":"","Altered Y":"","Execution":"","Alt Locati":"","Original X":70.22214628,"Original Y":30.98838189,"Within 10k":"A-41"}},{"type":"Feature","geometry":{"type":"Point","coordinates":[70.21213699999996,30.925533000000005]},"properties":{"_bbox":[70.21213699999996,30.925533000000005,70.21213699999996,30.925533000000005],"Status":"","Tehsil":"Drug","BM Code":"BLN-MK-L2-00584","LIMS_ID":"B-584","Remarks":"","_center":[70.21213699999996,30.925533000000005],"Distance":"7.95","District":"Musakhel","status_1":"Not_Start","Altered X":"","Altered Y":"","Execution":"","Alt Locati":"","Original X":70.212137,"Original Y":30.925533,"Within 10k":"A-41"}},{"type":"Feature","geometry":{"type":"Point","coordinates":[69.50123836999995,30.540491190000004]},"properties":{"_bbox":[69.50123836999995,30.540491190000004,69.50123836999995,30.540491190000004],"Status":"","Tehsil":"Kingri","BM Code":"BLN-MK-L2-00486","LIMS_ID":"B-486","Remarks":"","_center":[69.50123836999995,30.540491190000004],"Distance":"","District":"Musakhel","status_1":"Not_Start","Altered X":"","Altered Y":"","Execution":"","Alt Locati":"","Original X":69.50123837,"Original Y":30.54049119,"Within 10k":""}},{"type":"Feature","geometry":{"type":"Point","coordinates":[69.62299424999998,30.731373929999997]},"properties":{"_bbox":[69.62299424999998,30.731373929999997,69.62299424999998,30.731373929999997],"Status":"","Tehsil":"Kingri","BM Code":"BLN-MK-L2-00506","LIMS_ID":"B-506","Remarks":"","_center":[69.62299424999998,30.731373929999997],"Distance":"","District":"Musakhel","status_1":"Not_Start","Altered X":"","Altered Y":"","Execution":"","Alt Locati":"","Original X":69.62299425,"Original Y":30.73137393,"Within 10k":""}},{"type":"Feature","geometry":{"type":"Point","coordinates":[69.61474190999996,30.642652670000007]},"properties":{"_bbox":[69.61474190999996,30.642652670000007,69.61474190999996,30.642652670000007],"Status":"","Tehsil":"Kingri","BM Code":"BLN-MK-L2-00507","LIMS_ID":"B-507","Remarks":"","_center":[69.61474190999996,30.642652670000007],"Distance":"","District":"Musakhel","status_1":"Not_Start","Altered X":"","Altered Y":"","Execution":"","Alt Locati":"","Original X":69.61474191,"Original Y":30.64265267,"Within 10k":""}},{"type":"Feature","geometry":{"type":"Point","coordinates":[69.62301982999996,30.550257630000015]},"properties":{"_bbox":[69.62301982999996,30.550257630000015,69.62301982999996,30.550257630000015],"Status":"","Tehsil":"Kingri","BM Code":"BLN-MK-L2-00508","LIMS_ID":"B-508","Remarks":"","_center":[69.62301982999996,30.550257630000015],"Distance":"","District":"Musakhel","status_1":"Not_Start","Altered X":"","Altered Y":"","Execution":"","Alt Locati":"","Original X":69.62301983,"Original Y":30.55025763,"Within 10k":""}},{"type":"Feature","geometry":{"type":"Point","coordinates":[69.58807659999997,30.476485799999995]},"properties":{"_bbox":[69.58807659999997,30.476485799999995,69.58807659999997,30.476485799999995],"Status":"","Tehsil":"Kingri","BM Code":"BLN-MK-L2-00509","LIMS_ID":"B-509","Remarks":"","_center":[69.58807659999997,30.476485799999995],"Distance":"","District":"Musakhel","status_1":"Not_Start","Altered X":"","Altered Y":"","Execution":"","Alt Locati":"","Original X":69.5880766,"Original Y":30.4764858,"Within 10k":""}},{"type":"Feature","geometry":{"type":"Point","coordinates":[69.70172145999996,30.89873258]},"properties":{"_bbox":[69.70172145999996,30.89873258,69.70172145999996,30.89873258],"Status":"","Tehsil":"Kingri","BM Code":"BLN-MK-L2-00525","LIMS_ID":"B-525","Remarks":"","_center":[69.70172145999996,30.89873258],"Distance":"","District":"Musakhel","status_1":"Not_Start","Altered X":"","Altered Y":"","Execution":"","Alt Locati":"","Original X":69.70172146,"Original Y":30.89873258,"Within 10k":""}},{"type":"Feature","geometry":{"type":"Point","coordinates":[69.67114660999997,30.81613907]},"properties":{"_bbox":[69.67114660999997,30.81613907,69.67114660999997,30.81613907],"Status":"","Tehsil":"Kingri","BM Code":"BLN-MK-L2-00526","LIMS_ID":"B-526","Remarks":"","_center":[69.67114660999997,30.81613907],"Distance":"","District":"Musakhel","status_1":"Not_Start","Altered X":"","Altered Y":"","Execution":"","Alt Locati":"","Original X":69.67114661,"Original Y":30.81613907,"Within 10k":""}},{"type":"Feature","geometry":{"type":"Point","coordinates":[69.69763373999996,30.717696439999997]},"properties":{"_bbox":[69.69763373999996,30.717696439999997,69.69763373999996,30.717696439999997],"Status":"","Tehsil":"Kingri","BM Code":"BLN-MK-L2-00527","LIMS_ID":"B-527","Remarks":"","_center":[69.69763373999996,30.717696439999997],"Distance":"","District":"Musakhel","status_1":"Not_Start","Altered X":"","Altered Y":"","Execution":"","Alt Locati":"","Original X":69.69763374,"Original Y":30.71769644,"Within 10k":""}},{"type":"Feature","geometry":{"type":"Point","coordinates":[69.72569346999995,30.541180479999998]},"properties":{"_bbox":[69.72569346999995,30.541180479999998,69.72569346999995,30.541180479999998],"Status":"","Tehsil":"Kingri","BM Code":"BLN-MK-L2-00528","LIMS_ID":"B-528","Remarks":"","_center":[69.72569346999995,30.541180479999998],"Distance":"9.56","District":"Musakhel","status_1":"Not_Start","Altered X":"","Altered Y":"","Execution":"","Alt Locati":"","Original X":69.72569347,"Original Y":30.54118048,"Within 10k":"A-36"}},{"type":"Feature","geometry":{"type":"Point","coordinates":[69.67682287999996,30.456163670000002]},"properties":{"_bbox":[69.67682287999996,30.456163670000002,69.67682287999996,30.456163670000002],"Status":"","Tehsil":"Kingri","BM Code":"BLN-MK-L2-00529","LIMS_ID":"B-529","Remarks":"","_center":[69.67682287999996,30.456163670000002],"Distance":"","District":"Musakhel","status_1":"Not_Start","Altered X":"","Altered Y":"","Execution":"","Alt Locati":"","Original X":69.67682288,"Original Y":30.45616367,"Within 10k":""}},{"type":"Feature","geometry":{"type":"Point","coordinates":[69.77777799999997,30.72222199999999]},"properties":{"_bbox":[69.77777799999997,30.72222199999999,69.77777799999997,30.72222199999999],"Status":"","Tehsil":"Kingri","BM Code":"BLN-MK-L2-00542","LIMS_ID":"B-542","Remarks":"","_center":[69.77777799999997,30.72222199999999],"Distance":"","District":"Musakhel","status_1":"Not_Start","Altered X":"","Altered Y":"","Execution":"","Alt Locati":"","Original X":69.777778,"Original Y":30.722222,"Within 10k":""}},{"type":"Feature","geometry":{"type":"Point","coordinates":[69.80694399999996,30.645833000000007]},"properties":{"_bbox":[69.80694399999996,30.645833000000007,69.80694399999996,30.645833000000007],"Status":"","Tehsil":"Kingri","BM Code":"BLN-MK-L2-00543","LIMS_ID":"B-543","Remarks":"","_center":[69.80694399999996,30.645833000000007],"Distance":"4.96","District":"Musakhel","status_1":"Not_Start","Altered X":"","Altered Y":"","Execution":"","Alt Locati":"","Original X":69.806944,"Original Y":30.645833,"Within 10k":"A-36"}},{"type":"Feature","geometry":{"type":"Point","coordinates":[69.79964099999995,30.540474730000007]},"properties":{"_bbox":[69.79964099999995,30.540474730000007,69.79964099999995,30.540474730000007],"Status":"","Tehsil":"Kingri","BM Code":"BLN-MK-L2-00544","LIMS_ID":"B-544","Remarks":"","_center":[69.79964099999995,30.540474730000007],"Distance":"9.54","District":"Musakhel","status_1":"Not_Start","Altered X":"","Altered Y":"","Execution":"","Alt Locati":"","Original X":69.799641,"Original Y":30.54047473,"Within 10k":"A-36"}},{"type":"Feature","geometry":{"type":"Point","coordinates":[69.80690620999995,30.455033479999997]},"properties":{"_bbox":[69.80690620999995,30.455033479999997,69.80690620999995,30.455033479999997],"Status":"","Tehsil":"Kingri","BM Code":"BLN-MK-L2-00545","LIMS_ID":"B-545","Remarks":"","_center":[69.80690620999995,30.455033479999997],"Distance":"","District":"Musakhel","status_1":"Not_Start","Altered X":"","Altered Y":"","Execution":"","Alt Locati":"","Original X":69.80690621,"Original Y":30.45503348,"Within 10k":""}},{"type":"Feature","geometry":{"type":"Point","coordinates":[69.83855818999997,30.365282439999998]},"properties":{"_bbox":[69.83855818999997,30.365282439999998,69.83855818999997,30.365282439999998],"Status":"","Tehsil":"Kingri","BM Code":"BLN-MK-L2-00546","LIMS_ID":"B-546","Remarks":"","_center":[69.83855818999997,30.365282439999998],"Distance":"","District":"Musakhel","status_1":"Not_Start","Altered X":"","Altered Y":"","Execution":"","Alt Locati":"","Original X":69.83855819,"Original Y":30.36528244,"Within 10k":""}},{"type":"Feature","geometry":{"type":"Point","coordinates":[69.89689010999997,30.71182102]},"properties":{"_bbox":[69.89689010999997,30.71182102,69.89689010999997,30.71182102],"Status":"","Tehsil":"Kingri","BM Code":"BLN-MK-L2-00559","LIMS_ID":"B-559","Remarks":"","_center":[69.89689010999997,30.71182102],"Distance":"","District":"Musakhel","status_1":"Not_Start","Altered X":"","Altered Y":"","Execution":"","Alt Locati":"","Original X":69.89689011,"Original Y":30.71182102,"Within 10k":""}},{"type":"Feature","geometry":{"type":"Point","coordinates":[69.90826427999995,30.64385616999999]},"properties":{"_bbox":[69.90826427999995,30.64385616999999,69.90826427999995,30.64385616999999],"Status":"","Tehsil":"Kingri","BM Code":"BLN-MK-L2-00560","LIMS_ID":"B-560","Remarks":"","_center":[69.90826427999995,30.64385616999999],"Distance":"","District":"Musakhel","status_1":"Not_Start","Altered X":"","Altered Y":"","Execution":"","Alt Locati":"","Original X":69.90826428,"Original Y":30.64385617,"Within 10k":""}},{"type":"Feature","geometry":{"type":"Point","coordinates":[69.90395381999996,30.557336739999997]},"properties":{"_bbox":[69.90395381999996,30.557336739999997,69.90395381999996,30.557336739999997],"Status":"","Tehsil":"Kingri","BM Code":"BLN-MK-L2-00561","LIMS_ID":"B-561","Remarks":"","_center":[69.90395381999996,30.557336739999997],"Distance":"","District":"Musakhel","status_1":"Not_Start","Altered X":"","Altered Y":"","Execution":"","Alt Locati":"","Original X":69.90395382,"Original Y":30.55733674,"Within 10k":""}},{"type":"Feature","geometry":{"type":"Point","coordinates":[69.88255964999998,30.440626250000005]},"properties":{"_bbox":[69.88255964999998,30.440626250000005,69.88255964999998,30.440626250000005],"Status":"","Tehsil":"Kingri","BM Code":"BLN-MK-L2-00562","LIMS_ID":"B-562","Remarks":"","_center":[69.88255964999998,30.440626250000005],"Distance":"","District":"Musakhel","status_1":"Not_Start","Altered X":"","Altered Y":"","Execution":"","Alt Locati":"","Original X":69.88255965,"Original Y":30.44062625,"Within 10k":""}},{"type":"Feature","geometry":{"type":"Point","coordinates":[69.90224010999997,30.35934846999999]},"properties":{"_bbox":[69.90224010999997,30.35934846999999,69.90224010999997,30.35934846999999],"Status":"","Tehsil":"Kingri","BM Code":"BLN-MK-L2-00563","LIMS_ID":"B-563","Remarks":"","_center":[69.90224010999997,30.35934846999999],"Distance":"","District":"Musakhel","status_1":"Not_Start","Altered X":"","Altered Y":"","Execution":"","Alt Locati":"","Original X":69.90224011,"Original Y":30.35934847,"Within 10k":""}},{"type":"Feature","geometry":{"type":"Point","coordinates":[70.02777799999996,30.712500000000006]},"properties":{"_bbox":[70.02777799999996,30.712500000000006,70.02777799999996,30.712500000000006],"Status":"","Tehsil":"Kingri","BM Code":"BLN-MK-L2-00574","LIMS_ID":"B-574","Remarks":"","_center":[70.02777799999996,30.712500000000006],"Distance":"","District":"Musakhel","status_1":"Not_Start","Altered X":"","Altered Y":"","Execution":"","Alt Locati":"","Original X":70.027778,"Original Y":30.7125,"Within 10k":""}},{"type":"Feature","geometry":{"type":"Point","coordinates":[70.02320664999998,30.634694100000004]},"properties":{"_bbox":[70.02320664999998,30.634694100000004,70.02320664999998,30.634694100000004],"Status":"","Tehsil":"Kingri","BM Code":"BLN-MK-L2-00575","LIMS_ID":"B-575","Remarks":"","_center":[70.02320664999998,30.634694100000004],"Distance":"","District":"Musakhel","status_1":"Not_Start","Altered X":"","Altered Y":"","Execution":"","Alt Locati":"","Original X":70.02320665,"Original Y":30.6346941,"Within 10k":""}},{"type":"Feature","geometry":{"type":"Point","coordinates":[70.00808655999995,30.537414199999994]},"properties":{"_bbox":[70.00808655999995,30.537414199999994,70.00808655999995,30.537414199999994],"Status":"","Tehsil":"Kingri","BM Code":"BLN-MK-L2-00576","LIMS_ID":"B-576","Remarks":"","_center":[70.00808655999995,30.537414199999994],"Distance":"","District":"Musakhel","status_1":"Not_Start","Altered X":"","Altered Y":"","Execution":"","Alt Locati":"","Original X":70.00808656,"Original Y":30.5374142,"Within 10k":""}},{"type":"Feature","geometry":{"type":"Point","coordinates":[69.82115893999996,31.256734920000017]},"properties":{"_bbox":[69.82115893999996,31.256734920000017,69.82115893999996,31.256734920000017],"Status":"","Tehsil":"Musakhel","BM Code":"BLN-MK-L2-00536","LIMS_ID":"B-536","Remarks":"","_center":[69.82115893999996,31.256734920000017],"Distance":"","District":"Musakhel","status_1":"Not_Start","Altered X":"","Altered Y":"","Execution":"","Alt Locati":"","Original X":69.82115894,"Original Y":31.25673492,"Within 10k":""}},{"type":"Feature","geometry":{"type":"Point","coordinates":[69.81376035999997,31.172347340000005]},"properties":{"_bbox":[69.81376035999997,31.172347340000005,69.81376035999997,31.172347340000005],"Status":"","Tehsil":"Musakhel","BM Code":"BLN-MK-L2-00537","LIMS_ID":"B-537","Remarks":"","_center":[69.81376035999997,31.172347340000005],"Distance":"","District":"Musakhel","status_1":"Not_Start","Altered X":"","Altered Y":"","Execution":"","Alt Locati":"","Original X":69.81376036,"Original Y":31.17234734,"Within 10k":""}},{"type":"Feature","geometry":{"type":"Point","coordinates":[69.80749999999998,31.082777999999994]},"properties":{"_bbox":[69.80749999999998,31.082777999999994,69.80749999999998,31.082777999999994],"Status":"","Tehsil":"Musakhel","BM Code":"BLN-MK-L2-00538","LIMS_ID":"B-538","Remarks":"","_center":[69.80749999999998,31.082777999999994],"Distance":"","District":"Musakhel","status_1":"Not_Start","Altered X":"","Altered Y":"","Execution":"","Alt Locati":"","Original X":69.8075,"Original Y":31.082778,"Within 10k":""}},{"type":"Feature","geometry":{"type":"Point","coordinates":[69.83678846999997,30.966056339999994]},"properties":{"_bbox":[69.83678846999997,30.966056339999994,69.83678846999997,30.966056339999994],"Status":"","Tehsil":"Musakhel","BM Code":"BLN-MK-L2-00539","LIMS_ID":"B-539","Remarks":"","_center":[69.83678846999997,30.966056339999994],"Distance":"9.33","District":"Musakhel","status_1":"Not_Start","Altered X":"","Altered Y":"","Execution":"","Alt Locati":"","Original X":69.83678847,"Original Y":30.96605634,"Within 10k":"A-35"}},{"type":"Feature","geometry":{"type":"Point","coordinates":[69.80258650999995,30.904489229999992]},"properties":{"_bbox":[69.80258650999995,30.904489229999992,69.80258650999995,30.904489229999992],"Status":"","Tehsil":"Musakhel","BM Code":"BLN-MK-L2-00540","LIMS_ID":"B-540","Remarks":"","_center":[69.80258650999995,30.904489229999992],"Distance":"","District":"Musakhel","status_1":"Not_Start","Altered X":"","Altered Y":"","Execution":"","Alt Locati":"","Original X":69.80258651,"Original Y":30.90448923,"Within 10k":""}},{"type":"Feature","geometry":{"type":"Point","coordinates":[69.79066371999996,30.82815466]},"properties":{"_bbox":[69.79066371999996,30.82815466,69.79066371999996,30.82815466],"Status":"","Tehsil":"Musakhel","BM Code":"BLN-MK-L2-00541","LIMS_ID":"B-541","Remarks":"","_center":[69.79066371999996,30.82815466],"Distance":"","District":"Musakhel","status_1":"Not_Start","Altered X":"","Altered Y":"","Execution":"","Alt Locati":"","Original X":69.79066372,"Original Y":30.82815466,"Within 10k":""}},{"type":"Feature","geometry":{"type":"Point","coordinates":[69.91208217999996,31.16271494]},"properties":{"_bbox":[69.91208217999996,31.16271494,69.91208217999996,31.16271494],"Status":"","Tehsil":"Musakhel","BM Code":"BLN-MK-L2-00554","LIMS_ID":"B-554","Remarks":"","_center":[69.91208217999996,31.16271494],"Distance":"","District":"Musakhel","status_1":"Not_Start","Altered X":"","Altered Y":"","Execution":"","Alt Locati":"","Original X":69.91208218,"Original Y":31.16271494,"Within 10k":""}},{"type":"Feature","geometry":{"type":"Point","coordinates":[69.90078633999995,31.067410469999995]},"properties":{"_bbox":[69.90078633999995,31.067410469999995,69.90078633999995,31.067410469999995],"Status":"","Tehsil":"Musakhel","BM Code":"BLN-MK-L2-00555","LIMS_ID":"B-555","Remarks":"","_center":[69.90078633999995,31.067410469999995],"Distance":"","District":"Musakhel","status_1":"Not_Start","Altered X":"","Altered Y":"","Execution":"","Alt Locati":"","Original X":69.90078634,"Original Y":31.06741047,"Within 10k":""}},{"type":"Feature","geometry":{"type":"Point","coordinates":[69.88263293999995,30.987242019999993]},"properties":{"_bbox":[69.88263293999995,30.987242019999993,69.88263293999995,30.987242019999993],"Status":"","Tehsil":"Musakhel","BM Code":"BLN-MK-L2-00556","LIMS_ID":"B-556","Remarks":"","_center":[69.88263293999995,30.987242019999993],"Distance":"","District":"Musakhel","status_1":"Not_Start","Altered X":"","Altered Y":"","Execution":"","Alt Locati":"","Original X":69.88263294,"Original Y":30.98724202,"Within 10k":""}},{"type":"Feature","geometry":{"type":"Point","coordinates":[69.91850941999996,30.89419375]},"properties":{"_bbox":[69.91850941999996,30.89419375,69.91850941999996,30.89419375],"Status":"","Tehsil":"Musakhel","BM Code":"BLN-MK-L2-00557","LIMS_ID":"B-557","Remarks":"","_center":[69.91850941999996,30.89419375],"Distance":"","District":"Musakhel","status_1":"Not_Start","Altered X":"","Altered Y":"","Execution":"","Alt Locati":"","Original X":69.91850942,"Original Y":30.89419375,"Within 10k":""}},{"type":"Feature","geometry":{"type":"Point","coordinates":[69.90712594999995,30.801650540000004]},"properties":{"_bbox":[69.90712594999995,30.801650540000004,69.90712594999995,30.801650540000004],"Status":"","Tehsil":"Musakhel","BM Code":"BLN-MK-L2-00558","LIMS_ID":"B-558","Remarks":"","_center":[69.90712594999995,30.801650540000004],"Distance":"","District":"Musakhel","status_1":"Not_Start","Altered X":"","Altered Y":"","Execution":"","Alt Locati":"","Original X":69.90712595,"Original Y":30.80165054,"Within 10k":""}},{"type":"Feature","geometry":{"type":"Point","coordinates":[70.02481069999996,31.260494479999995]},"properties":{"_bbox":[70.02481069999996,31.260494479999995,70.02481069999996,31.260494479999995],"Status":"","Tehsil":"Musakhel","BM Code":"BLN-MK-L2-00568","LIMS_ID":"B-568","Remarks":"","_center":[70.02481069999996,31.260494479999995],"Distance":"","District":"Musakhel","status_1":"Not_Start","Altered X":"","Altered Y":"","Execution":"","Alt Locati":"","Original X":70.0248107,"Original Y":31.26049448,"Within 10k":""}},{"type":"Feature","geometry":{"type":"Point","coordinates":[70.01262075999995,31.16078156]},"properties":{"_bbox":[70.01262075999995,31.16078156,70.01262075999995,31.16078156],"Status":"","Tehsil":"Musakhel","BM Code":"BLN-MK-L2-00569","LIMS_ID":"B-569","Remarks":"","_center":[70.01262075999995,31.16078156],"Distance":"","District":"Musakhel","status_1":"Not_Start","Altered X":"","Altered Y":"","Execution":"","Alt Locati":"","Original X":70.01262076,"Original Y":31.16078156,"Within 10k":""}},{"type":"Feature","geometry":{"type":"Point","coordinates":[70.02115014999995,31.095149499999994]},"properties":{"_bbox":[70.02115014999995,31.095149499999994,70.02115014999995,31.095149499999994],"Status":"","Tehsil":"Musakhel","BM Code":"BLN-MK-L2-00570","LIMS_ID":"B-570","Remarks":"","_center":[70.02115014999995,31.095149499999994],"Distance":"","District":"Musakhel","status_1":"Not_Start","Altered X":"","Altered Y":"","Execution":"","Alt Locati":"","Original X":70.02115015,"Original Y":31.0951495,"Within 10k":""}},{"type":"Feature","geometry":{"type":"Point","coordinates":[69.99982010999996,30.990094660000004]},"properties":{"_bbox":[69.99982010999996,30.990094660000004,69.99982010999996,30.990094660000004],"Status":"","Tehsil":"Musakhel","BM Code":"BLN-MK-L2-00571","LIMS_ID":"B-571","Remarks":"","_center":[69.99982010999996,30.990094660000004],"Distance":"","District":"Musakhel","status_1":"Not_Start","Altered X":"","Altered Y":"","Execution":"","Alt Locati":"","Original X":69.99982011,"Original Y":30.99009466,"Within 10k":""}},{"type":"Feature","geometry":{"type":"Point","coordinates":[70.03537219999996,30.913583390000003]},"properties":{"_bbox":[70.03537219999996,30.913583390000003,70.03537219999996,30.913583390000003],"Status":"","Tehsil":"Musakhel","BM Code":"BLN-MK-L2-00572","LIMS_ID":"B-572","Remarks":"","_center":[70.03537219999996,30.913583390000003],"Distance":"","District":"Musakhel","status_1":"Not_Start","Altered X":"","Altered Y":"","Execution":"","Alt Locati":"","Original X":70.0353722,"Original Y":30.91358339,"Within 10k":""}},{"type":"Feature","geometry":{"type":"Point","coordinates":[70.02083299999994,30.823611]},"properties":{"_bbox":[70.02083299999994,30.823611,70.02083299999994,30.823611],"Status":"","Tehsil":"Musakhel","BM Code":"BLN-MK-L2-00573","LIMS_ID":"B-573","Remarks":"","_center":[70.02083299999994,30.823611],"Distance":"","District":"Musakhel","status_1":"Not_Start","Altered X":"","Altered Y":"","Execution":"","Alt Locati":"","Original X":70.020833,"Original Y":30.823611,"Within 10k":""}},{"type":"Feature","geometry":{"type":"Point","coordinates":[70.12056787999995,31.259957949999997]},"properties":{"_bbox":[70.12056787999995,31.259957949999997,70.12056787999995,31.259957949999997],"Status":"","Tehsil":"Musakhel","BM Code":"BLN-MK-L2-00578","LIMS_ID":"B-578","Remarks":"","_center":[70.12056787999995,31.259957949999997],"Distance":"9.99","District":"Musakhel","status_1":"Not_Start","Altered X":"","Altered Y":"","Execution":"","Alt Locati":"","Original X":70.12056788,"Original Y":31.25995795,"Within 10k":"A-40"}},{"type":"Feature","geometry":{"type":"Point","coordinates":[70.12006296999998,31.189488419999993]},"properties":{"_bbox":[70.12006296999998,31.189488419999993,70.12006296999998,31.189488419999993],"Status":"","Tehsil":"Musakhel","BM Code":"BLN-MK-L2-00579","LIMS_ID":"B-579","Remarks":"","_center":[70.12006296999998,31.189488419999993],"Distance":"","District":"Musakhel","status_1":"Not_Start","Altered X":"","Altered Y":"","Execution":"","Alt Locati":"","Original X":70.12006297,"Original Y":31.18948842,"Within 10k":""}},{"type":"Feature","geometry":{"type":"Point","coordinates":[68.03436198999995,29.35530094]},"properties":{"_bbox":[68.03436198999995,29.35530094,68.03436198999995,29.35530094],"Status":"","Tehsil":"Lehri","BM Code":"BLN-SI-L2-00213","LIMS_ID":"B-213","Remarks":"","_center":[68.03436198999995,29.35530094],"Distance":"","District":"Sibi","status_1":"Not_Start","Altered X":"","Altered Y":"","Execution":"","Alt Locati":"","Original X":68.03436199,"Original Y":29.35530094,"Within 10k":""}},{"type":"Feature","geometry":{"type":"Point","coordinates":[68.03837045999995,29.279389299999988]},"properties":{"_bbox":[68.03837045999995,29.279389299999988,68.03837045999995,29.279389299999988],"Status":"","Tehsil":"Lehri","BM Code":"BLN-SI-L2-00214","LIMS_ID":"B-214","Remarks":"","_center":[68.03837045999995,29.279389299999988],"Distance":"","District":"Sibi","status_1":"Not_Start","Altered X":"","Altered Y":"","Execution":"","Alt Locati":"","Original X":68.03837046,"Original Y":29.2793893,"Within 10k":""}},{"type":"Feature","geometry":{"type":"Point","coordinates":[68.05742579999998,29.0919508]},"properties":{"_bbox":[68.05742579999998,29.0919508,68.05742579999998,29.0919508],"Status":"","Tehsil":"Lehri","BM Code":"BLN-SI-L2-00215","LIMS_ID":"B-215","Remarks":"","_center":[68.05742579999998,29.0919508],"Distance":"7.95","District":"Sibi","status_1":"Not_Start","Altered X":"","Altered Y":"","Execution":"","Alt Locati":"","Original X":68.0574258,"Original Y":29.0919508,"Within 10k":"A-17"}},{"type":"Feature","geometry":{"type":"Point","coordinates":[68.04104818999997,29.006621549999995]},"properties":{"_bbox":[68.04104818999997,29.006621549999995,68.04104818999997,29.006621549999995],"Status":"","Tehsil":"Lehri","BM Code":"BLN-SI-L2-00216","LIMS_ID":"B-216","Remarks":"","_center":[68.04104818999997,29.006621549999995],"Distance":"","District":"Sibi","status_1":"Not_Start","Altered X":"","Altered Y":"","Execution":"","Alt Locati":"","Original X":68.04104819,"Original Y":29.00662155,"Within 10k":""}},{"type":"Feature","geometry":{"type":"Point","coordinates":[68.03634799999996,28.917881599999994]},"properties":{"_bbox":[68.03634799999996,28.917881599999994,68.03634799999996,28.917881599999994],"Status":"","Tehsil":"Lehri","BM Code":"BLN-SI-L2-00217","LIMS_ID":"B-217","Remarks":"","_center":[68.03634799999996,28.917881599999994],"Distance":"5.23","District":"Sibi","status_1":"Not_Start","Altered X":"","Altered Y":"","Execution":"","Alt Locati":"","Original X":68.036348,"Original Y":28.9178816,"Within 10k":"A-18"}},{"type":"Feature","geometry":{"type":"Point","coordinates":[68.14669099999996,29.283593]},"properties":{"_bbox":[68.14669099999996,29.283593,68.14669099999996,29.283593],"Status":"","Tehsil":"Lehri","BM Code":"BLN-SI-L2-00233","LIMS_ID":"B-233","Remarks":"","_center":[68.14669099999996,29.283593],"Distance":"","District":"Sibi","status_1":"Not_Start","Altered X":"","Altered Y":"","Execution":"","Alt Locati":"","Original X":68.146691,"Original Y":29.283593,"Within 10k":""}},{"type":"Feature","geometry":{"type":"Point","coordinates":[68.15008919999997,29.1714663]},"properties":{"_bbox":[68.15008919999997,29.1714663,68.15008919999997,29.1714663],"Status":"","Tehsil":"Lehri","BM Code":"BLN-SI-L2-00234","LIMS_ID":"B-234","Remarks":"","_center":[68.15008919999997,29.1714663],"Distance":"7.35","District":"Sibi","status_1":"Not_Start","Altered X":"","Altered Y":"","Execution":"","Alt Locati":"","Original X":68.1500892,"Original Y":29.1714663,"Within 10k":"A-17"}},{"type":"Feature","geometry":{"type":"Point","coordinates":[68.14442247999996,29.09600959999999]},"properties":{"_bbox":[68.14442247999996,29.09600959999999,68.14442247999996,29.09600959999999],"Status":"","Tehsil":"Lehri","BM Code":"BLN-SI-L2-00235","LIMS_ID":"B-235","Remarks":"","_center":[68.14442247999996,29.09600959999999],"Distance":"9.93","District":"Sibi","status_1":"Not_Start","Altered X":"","Altered Y":"","Execution":"","Alt Locati":"","Original X":68.14442248,"Original Y":29.0960096,"Within 10k":"A-17"}},{"type":"Feature","geometry":{"type":"Point","coordinates":[68.13333299999996,29.016666999999998]},"properties":{"_bbox":[68.13333299999996,29.016666999999998,68.13333299999996,29.016666999999998],"Status":"","Tehsil":"Lehri","BM Code":"BLN-SI-L2-00236","LIMS_ID":"B-236","Remarks":"","_center":[68.13333299999996,29.016666999999998],"Distance":"","District":"Sibi","status_1":"Not_Start","Altered X":"","Altered Y":"","Execution":"","Alt Locati":"","Original X":68.133333,"Original Y":29.016667,"Within 10k":""}},{"type":"Feature","geometry":{"type":"Point","coordinates":[68.13626365999995,28.923401500000004]},"properties":{"_bbox":[68.13626365999995,28.923401500000004,68.13626365999995,28.923401500000004],"Status":"","Tehsil":"Lehri","BM Code":"BLN-SI-L2-00237","LIMS_ID":"B-237","Remarks":"","_center":[68.13626365999995,28.923401500000004],"Distance":"","District":"Sibi","status_1":"Not_Start","Altered X":"","Altered Y":"","Execution":"","Alt Locati":"","Original X":68.13626366,"Original Y":28.9234015,"Within 10k":""}},{"type":"Feature","geometry":{"type":"Point","coordinates":[68.21710579999997,29.278761100000008]},"properties":{"_bbox":[68.21710579999997,29.278761100000008,68.21710579999997,29.278761100000008],"Status":"","Tehsil":"Lehri","BM Code":"BLN-SI-L2-00252","LIMS_ID":"B-252","Remarks":"","_center":[68.21710579999997,29.278761100000008],"Distance":"","District":"Sibi","status_1":"Not_Start","Altered X":"","Altered Y":"","Execution":"","Alt Locati":"","Original X":68.2171058,"Original Y":29.2787611,"Within 10k":""}},{"type":"Feature","geometry":{"type":"Point","coordinates":[68.25055239999996,29.1806408]},"properties":{"_bbox":[68.25055239999996,29.1806408,68.25055239999996,29.1806408],"Status":"","Tehsil":"Lehri","BM Code":"BLN-SI-L2-00253","LIMS_ID":"B-253","Remarks":"","_center":[68.25055239999996,29.1806408],"Distance":"","District":"Sibi","status_1":"Not_Start","Altered X":"","Altered Y":"","Execution":"","Alt Locati":"","Original X":68.2505524,"Original Y":29.1806408,"Within 10k":""}},{"type":"Feature","geometry":{"type":"Point","coordinates":[68.21398399999995,29.109675000000003]},"properties":{"_bbox":[68.21398399999995,29.109675000000003,68.21398399999995,29.109675000000003],"Status":"","Tehsil":"Lehri","BM Code":"BLN-SI-L2-00254","LIMS_ID":"B-254","Remarks":"","_center":[68.21398399999995,29.109675000000003],"Distance":"","District":"Sibi","status_1":"Not_Start","Altered X":"","Altered Y":"","Execution":"","Alt Locati":"","Original X":68.213984,"Original Y":29.109675,"Within 10k":""}},{"type":"Feature","geometry":{"type":"Point","coordinates":[68.31597569999995,29.268319299999995]},"properties":{"_bbox":[68.31597569999995,29.268319299999995,68.31597569999995,29.268319299999995],"Status":"","Tehsil":"Lehri","BM Code":"BLN-SI-L2-00269","LIMS_ID":"B-269","Remarks":"","_center":[68.31597569999995,29.268319299999995],"Distance":"","District":"Sibi","status_1":"Not_Start","Altered X":"","Altered Y":"","Execution":"","Alt Locati":"","Original X":68.3159757,"Original Y":29.2683193,"Within 10k":""}},{"type":"Feature","geometry":{"type":"Point","coordinates":[67.51095166999995,29.99096754]},"properties":{"_bbox":[67.51095166999995,29.99096754,67.51095166999995,29.99096754],"Status":"","Tehsil":"Sibi","BM Code":"BLN-SI-L2-00134","LIMS_ID":"B-134","Remarks":"","_center":[67.51095166999995,29.99096754],"Distance":"","District":"Sibi","status_1":"Not_Start","Altered X":"","Altered Y":"","Execution":"","Alt Locati":"","Original X":67.51095167,"Original Y":29.99096754,"Within 10k":""}},{"type":"Feature","geometry":{"type":"Point","coordinates":[67.51526159999996,29.79957065]},"properties":{"_bbox":[67.51526159999996,29.79957065,67.51526159999996,29.79957065],"Status":"","Tehsil":"Sibi","BM Code":"BLN-SI-L2-00135","LIMS_ID":"B-135","Remarks":"","_center":[67.51526159999996,29.79957065],"Distance":"","District":"Sibi","status_1":"Not_Start","Altered X":"","Altered Y":"","Execution":"","Alt Locati":"","Original X":67.5152616,"Original Y":29.79957065,"Within 10k":""}},{"type":"Feature","geometry":{"type":"Point","coordinates":[67.62963953999996,30.078777580000008]},"properties":{"_bbox":[67.62963953999996,30.078777580000008,67.62963953999996,30.078777580000008],"Status":"","Tehsil":"Sibi","BM Code":"BLN-SI-L2-00142","LIMS_ID":"B-142","Remarks":"","_center":[67.62963953999996,30.078777580000008],"Distance":"","District":"Sibi","status_1":"Not_Start","Altered X":"","Altered Y":"","Execution":"","Alt Locati":"","Original X":67.62963954,"Original Y":30.07877758,"Within 10k":""}},{"type":"Feature","geometry":{"type":"Point","coordinates":[67.62989386999998,29.9801024]},"properties":{"_bbox":[67.62989386999998,29.9801024,67.62989386999998,29.9801024],"Status":"","Tehsil":"Sibi","BM Code":"BLN-SI-L2-00143","LIMS_ID":"B-143","Remarks":"","_center":[67.62989386999998,29.9801024],"Distance":"","District":"Sibi","status_1":"Not_Start","Altered X":"","Altered Y":"","Execution":"","Alt Locati":"","Original X":67.62989387,"Original Y":29.9801024,"Within 10k":""}},{"type":"Feature","geometry":{"type":"Point","coordinates":[67.62091455999996,29.813501510000002]},"properties":{"_bbox":[67.62091455999996,29.813501510000002,67.62091455999996,29.813501510000002],"Status":"","Tehsil":"Sibi","BM Code":"BLN-SI-L2-00144","LIMS_ID":"B-144","Remarks":"","_center":[67.62091455999996,29.813501510000002],"Distance":"7.55","District":"Sibi","status_1":"Not_Start","Altered X":"","Altered Y":"","Execution":"","Alt Locati":"","Original X":67.62091456,"Original Y":29.81350151,"Within 10k":"A-13"}},{"type":"Feature","geometry":{"type":"Point","coordinates":[67.62618321999997,29.702979089999992]},"properties":{"_bbox":[67.62618321999997,29.702979089999992,67.62618321999997,29.702979089999992],"Status":"","Tehsil":"Sibi","BM Code":"BLN-SI-L2-00145","LIMS_ID":"B-145","Remarks":"","_center":[67.62618321999997,29.702979089999992],"Distance":"","District":"Sibi","status_1":"Not_Start","Altered X":"","Altered Y":"","Execution":"","Alt Locati":"","Original X":67.62618322,"Original Y":29.70297909,"Within 10k":""}},{"type":"Feature","geometry":{"type":"Point","coordinates":[67.76415777999996,30.011544369999996]},"properties":{"_bbox":[67.76415777999996,30.011544369999996,67.76415777999996,30.011544369999996],"Status":"","Tehsil":"Sibi","BM Code":"BLN-SI-L2-00155","LIMS_ID":"B-155","Remarks":"","_center":[67.76415777999996,30.011544369999996],"Distance":"","District":"Sibi","status_1":"Not_Start","Altered X":"","Altered Y":"","Execution":"","Alt Locati":"","Original X":67.76415778,"Original Y":30.01154437,"Within 10k":""}},{"type":"Feature","geometry":{"type":"Point","coordinates":[67.71977913999997,29.863122559999994]},"properties":{"_bbox":[67.71977913999997,29.863122559999994,67.71977913999997,29.863122559999994],"Status":"","Tehsil":"Sibi","BM Code":"BLN-SI-L2-00156","LIMS_ID":"B-156","Remarks":"","_center":[67.71977913999997,29.863122559999994],"Distance":"6.55","District":"Sibi","status_1":"Not_Start","Altered X":"","Altered Y":"","Execution":"","Alt Locati":"","Original X":67.71977914,"Original Y":29.86312256,"Within 10k":"A-13"}},{"type":"Feature","geometry":{"type":"Point","coordinates":[67.71869391999996,29.824646019999992]},"properties":{"_bbox":[67.71869391999996,29.824646019999992,67.71869391999996,29.824646019999992],"Status":"","Tehsil":"Sibi","BM Code":"BLN-SI-L2-00157","LIMS_ID":"B-157","Remarks":"","_center":[67.71869391999996,29.824646019999992],"Distance":"8.45","District":"Sibi","status_1":"Not_Start","Altered X":"","Altered Y":"","Execution":"","Alt Locati":"","Original X":67.71869392,"Original Y":29.82464602,"Within 10k":"A-13"}},{"type":"Feature","geometry":{"type":"Point","coordinates":[67.73679163999998,29.721054779999996]},"properties":{"_bbox":[67.73679163999998,29.721054779999996,67.73679163999998,29.721054779999996],"Status":"","Tehsil":"Sibi","BM Code":"BLN-SI-L2-00158","LIMS_ID":"B-158","Remarks":"","_center":[67.73679163999998,29.721054779999996],"Distance":"","District":"Sibi","status_1":"Not_Start","Altered X":"","Altered Y":"","Execution":"","Alt Locati":"","Original X":67.73679164,"Original Y":29.72105478,"Within 10k":""}},{"type":"Feature","geometry":{"type":"Point","coordinates":[67.69106631999996,29.62523437]},"properties":{"_bbox":[67.69106631999996,29.62523437,67.69106631999996,29.62523437],"Status":"","Tehsil":"Sibi","BM Code":"BLN-SI-L2-00159","LIMS_ID":"B-159","Remarks":"","_center":[67.69106631999996,29.62523437],"Distance":"","District":"Sibi","status_1":"Not_Start","Altered X":"","Altered Y":"","Execution":"","Alt Locati":"","Original X":67.69106632,"Original Y":29.62523437,"Within 10k":""}},{"type":"Feature","geometry":{"type":"Point","coordinates":[67.83883172999995,29.91198042000001]},"properties":{"_bbox":[67.83883172999995,29.91198042000001,67.83883172999995,29.91198042000001],"Status":"","Tehsil":"Sibi","BM Code":"BLN-SI-L2-00170","LIMS_ID":"B-170","Remarks":"","_center":[67.83883172999995,29.91198042000001],"Distance":"","District":"Sibi","status_1":"Not_Start","Altered X":"","Altered Y":"","Execution":"","Alt Locati":"","Original X":67.83883173,"Original Y":29.91198042,"Within 10k":""}},{"type":"Feature","geometry":{"type":"Point","coordinates":[67.82777799999995,29.858333]},"properties":{"_bbox":[67.82777799999995,29.858333,67.82777799999995,29.858333],"Status":"","Tehsil":"Sibi","BM Code":"BLN-SI-L2-00171","LIMS_ID":"B-171","Remarks":"","_center":[67.82777799999995,29.858333],"Distance":"","District":"Sibi","status_1":"Not_Start","Altered X":"","Altered Y":"","Execution":"","Alt Locati":"","Original X":67.827778,"Original Y":29.858333,"Within 10k":""}},{"type":"Feature","geometry":{"type":"Point","coordinates":[67.85833299999996,29.711111]},"properties":{"_bbox":[67.85833299999996,29.711111,67.85833299999996,29.711111],"Status":"","Tehsil":"Sibi","BM Code":"BLN-SI-L2-00172","LIMS_ID":"B-172","Remarks":"","_center":[67.85833299999996,29.711111],"Distance":"","District":"Sibi","status_1":"Not_Start","Altered X":"","Altered Y":"","Execution":"","Alt Locati":"","Original X":67.858333,"Original Y":29.711111,"Within 10k":""}},{"type":"Feature","geometry":{"type":"Point","coordinates":[67.84077481999996,29.620547029999994]},"properties":{"_bbox":[67.84077481999996,29.620547029999994,67.84077481999996,29.620547029999994],"Status":"","Tehsil":"Sibi","BM Code":"BLN-SI-L2-00173","LIMS_ID":"B-173","Remarks":"","_center":[67.84077481999996,29.620547029999994],"Distance":"","District":"Sibi","status_1":"Not_Start","Altered X":"","Altered Y":"","Execution":"","Alt Locati":"","Original X":67.84077482,"Original Y":29.62054703,"Within 10k":""}},{"type":"Feature","geometry":{"type":"Point","coordinates":[67.84241702999995,29.540822879999997]},"properties":{"_bbox":[67.84241702999995,29.540822879999997,67.84241702999995,29.540822879999997],"Status":"","Tehsil":"Sibi","BM Code":"BLN-SI-L2-00174","LIMS_ID":"B-174","Remarks":"","_center":[67.84241702999995,29.540822879999997],"Distance":"","District":"Sibi","status_1":"Not_Start","Altered X":"","Altered Y":"","Execution":"","Alt Locati":"","Original X":67.84241703,"Original Y":29.54082288,"Within 10k":""}},{"type":"Feature","geometry":{"type":"Point","coordinates":[67.83764083999998,29.454683919999994]},"properties":{"_bbox":[67.83764083999998,29.454683919999994,67.83764083999998,29.454683919999994],"Status":"","Tehsil":"Sibi","BM Code":"BLN-SI-L2-00175","LIMS_ID":"B-175","Remarks":"","_center":[67.83764083999998,29.454683919999994],"Distance":"","District":"Sibi","status_1":"Not_Start","Altered X":"","Altered Y":"","Execution":"","Alt Locati":"","Original X":67.83764084,"Original Y":29.45468392,"Within 10k":""}},{"type":"Feature","geometry":{"type":"Point","coordinates":[67.97047177999995,30.015239429999994]},"properties":{"_bbox":[67.97047177999995,30.015239429999994,67.97047177999995,30.015239429999994],"Status":"","Tehsil":"Sibi","BM Code":"BLN-SI-L2-00188","LIMS_ID":"B-188","Remarks":"","_center":[67.97047177999995,30.015239429999994],"Distance":"","District":"Sibi","status_1":"Not_Start","Altered X":"","Altered Y":"","Execution":"","Alt Locati":"","Original X":67.97047178,"Original Y":30.01523943,"Within 10k":""}},{"type":"Feature","geometry":{"type":"Point","coordinates":[67.95710338999996,29.902733149999992]},"properties":{"_bbox":[67.95710338999996,29.902733149999992,67.95710338999996,29.902733149999992],"Status":"","Tehsil":"Sibi","BM Code":"BLN-SI-L2-00189","LIMS_ID":"B-189","Remarks":"","_center":[67.95710338999996,29.902733149999992],"Distance":"","District":"Sibi","status_1":"Not_Start","Altered X":"","Altered Y":"","Execution":"","Alt Locati":"","Original X":67.95710339,"Original Y":29.90273315,"Within 10k":""}},{"type":"Feature","geometry":{"type":"Point","coordinates":[67.94227165999996,29.809898639999993]},"properties":{"_bbox":[67.94227165999996,29.809898639999993,67.94227165999996,29.809898639999993],"Status":"","Tehsil":"Sibi","BM Code":"BLN-SI-L2-00190","LIMS_ID":"B-190","Remarks":"","_center":[67.94227165999996,29.809898639999993],"Distance":"","District":"Sibi","status_1":"Not_Start","Altered X":"","Altered Y":"","Execution":"","Alt Locati":"","Original X":67.94227166,"Original Y":29.80989864,"Within 10k":""}},{"type":"Feature","geometry":{"type":"Point","coordinates":[67.94160943999995,29.721482569999996]},"properties":{"_bbox":[67.94160943999995,29.721482569999996,67.94160943999995,29.721482569999996],"Status":"","Tehsil":"Sibi","BM Code":"BLN-SI-L2-00191","LIMS_ID":"B-191","Remarks":"","_center":[67.94160943999995,29.721482569999996],"Distance":"","District":"Sibi","status_1":"Not_Start","Altered X":"","Altered Y":"","Execution":"","Alt Locati":"","Original X":67.94160944,"Original Y":29.72148257,"Within 10k":""}},{"type":"Feature","geometry":{"type":"Point","coordinates":[67.93256680999995,29.636372900000005]},"properties":{"_bbox":[67.93256680999995,29.636372900000005,67.93256680999995,29.636372900000005],"Status":"","Tehsil":"Sibi","BM Code":"BLN-SI-L2-00192","LIMS_ID":"B-192","Remarks":"","_center":[67.93256680999995,29.636372900000005],"Distance":"","District":"Sibi","status_1":"Not_Start","Altered X":"","Altered Y":"","Execution":"","Alt Locati":"","Original X":67.93256681,"Original Y":29.6363729,"Within 10k":""}},{"type":"Feature","geometry":{"type":"Point","coordinates":[67.94240939999996,29.562454800000012]},"properties":{"_bbox":[67.94240939999996,29.562454800000012,67.94240939999996,29.562454800000012],"Status":"","Tehsil":"Sibi","BM Code":"BLN-SI-L2-00193","LIMS_ID":"B-193","Remarks":"","_center":[67.94240939999996,29.562454800000012],"Distance":"6.67","District":"Sibi","status_1":"Not_Start","Altered X":"","Altered Y":"","Execution":"","Alt Locati":"","Original X":67.9424094,"Original Y":29.5624548,"Within 10k":"A-16"}},{"type":"Feature","geometry":{"type":"Point","coordinates":[67.95341219999996,29.45650300000001]},"properties":{"_bbox":[67.95341219999996,29.45650300000001,67.95341219999996,29.45650300000001],"Status":"","Tehsil":"Sibi","BM Code":"BLN-SI-L2-00194","LIMS_ID":"B-194","Remarks":"","_center":[67.95341219999996,29.45650300000001],"Distance":"","District":"Sibi","status_1":"Not_Start","Altered X":"","Altered Y":"","Execution":"","Alt Locati":"","Original X":67.9534122,"Original Y":29.456503,"Within 10k":""}},{"type":"Feature","geometry":{"type":"Point","coordinates":[67.95259539999996,29.3785386]},"properties":{"_bbox":[67.95259539999996,29.3785386,67.95259539999996,29.3785386],"Status":"","Tehsil":"Sibi","BM Code":"BLN-SI-L2-00195","LIMS_ID":"B-195","Remarks":"","_center":[67.95259539999996,29.3785386],"Distance":"","District":"Sibi","status_1":"Not_Start","Altered X":"","Altered Y":"","Execution":"","Alt Locati":"","Original X":67.9525954,"Original Y":29.3785386,"Within 10k":""}},{"type":"Feature","geometry":{"type":"Point","coordinates":[68.02499999999996,29.79722199999999]},"properties":{"_bbox":[68.02499999999996,29.79722199999999,68.02499999999996,29.79722199999999],"Status":"","Tehsil":"Sibi","BM Code":"BLN-SI-L2-00209","LIMS_ID":"B-209","Remarks":"","_center":[68.02499999999996,29.79722199999999],"Distance":"","District":"Sibi","status_1":"Not_Start","Altered X":"","Altered Y":"","Execution":"","Alt Locati":"","Original X":68.025,"Original Y":29.797222,"Within 10k":""}},{"type":"Feature","geometry":{"type":"Point","coordinates":[68.03245912999996,29.761535259999995]},"properties":{"_bbox":[68.03245912999996,29.761535259999995,68.03245912999996,29.761535259999995],"Status":"","Tehsil":"Sibi","BM Code":"BLN-SI-L2-00210","LIMS_ID":"B-210","Remarks":"","_center":[68.03245912999996,29.761535259999995],"Distance":"","District":"Sibi","status_1":"Not_Start","Altered X":"","Altered Y":"","Execution":"","Alt Locati":"","Original X":68.03245913,"Original Y":29.76153526,"Within 10k":""}},{"type":"Feature","geometry":{"type":"Point","coordinates":[68.05159661999996,29.627978490000004]},"properties":{"_bbox":[68.05159661999996,29.627978490000004,68.05159661999996,29.627978490000004],"Status":"","Tehsil":"Sibi","BM Code":"BLN-SI-L2-00211","LIMS_ID":"B-211","Remarks":"","_center":[68.05159661999996,29.627978490000004],"Distance":"9.75","District":"Sibi","status_1":"Not_Start","Altered X":"","Altered Y":"","Execution":"","Alt Locati":"","Original X":68.05159662,"Original Y":29.62797849,"Within 10k":"A-16"}},{"type":"Feature","geometry":{"type":"Point","coordinates":[68.03233667999996,29.461155690000002]},"properties":{"_bbox":[68.03233667999996,29.461155690000002,68.03233667999996,29.461155690000002],"Status":"","Tehsil":"Sibi","BM Code":"BLN-SI-L2-00212","LIMS_ID":"B-212","Remarks":"","_center":[68.03233667999996,29.461155690000002],"Distance":"9.9","District":"Sibi","status_1":"Not_Start","Altered X":"","Altered Y":"","Execution":"","Alt Locati":"","Original X":68.03233668,"Original Y":29.46115569,"Within 10k":"A-16"}},{"type":"Feature","geometry":{"type":"Point","coordinates":[68.11551821999996,29.80629528]},"properties":{"_bbox":[68.11551821999996,29.80629528,68.11551821999996,29.80629528],"Status":"","Tehsil":"Sibi","BM Code":"BLN-SI-L2-00227","LIMS_ID":"B-227","Remarks":"","_center":[68.11551821999996,29.80629528],"Distance":"","District":"Sibi","status_1":"Not_Start","Altered X":"","Altered Y":"","Execution":"","Alt Locati":"","Original X":68.11551822,"Original Y":29.80629528,"Within 10k":""}},{"type":"Feature","geometry":{"type":"Point","coordinates":[68.17663359999996,29.740181499999995]},"properties":{"_bbox":[68.17663359999996,29.740181499999995,68.17663359999996,29.740181499999995],"Status":"","Tehsil":"Sibi","BM Code":"BLN-SI-L2-00228","LIMS_ID":"B-228","Remarks":"","_center":[68.17663359999996,29.740181499999995],"Distance":"","District":"Sibi","status_1":"Not_Start","Altered X":"","Altered Y":"","Execution":"","Alt Locati":"","Original X":68.1766336,"Original Y":29.7401815,"Within 10k":""}},{"type":"Feature","geometry":{"type":"Point","coordinates":[68.12849969999996,29.6200928]},"properties":{"_bbox":[68.12849969999996,29.6200928,68.12849969999996,29.6200928],"Status":"","Tehsil":"Sibi","BM Code":"BLN-SI-L2-00229","LIMS_ID":"B-229","Remarks":"","_center":[68.12849969999996,29.6200928],"Distance":"","District":"Sibi","status_1":"Not_Start","Altered X":"","Altered Y":"","Execution":"","Alt Locati":"","Original X":68.1284997,"Original Y":29.6200928,"Within 10k":""}},{"type":"Feature","geometry":{"type":"Point","coordinates":[68.12810839999996,29.550985999999995]},"properties":{"_bbox":[68.12810839999996,29.550985999999995,68.12810839999996,29.550985999999995],"Status":"","Tehsil":"Sibi","BM Code":"BLN-SI-L2-00230","LIMS_ID":"B-230","Remarks":"","_center":[68.12810839999996,29.550985999999995],"Distance":"","District":"Sibi","status_1":"Not_Start","Altered X":"","Altered Y":"","Execution":"","Alt Locati":"","Original X":68.1281084,"Original Y":29.550986,"Within 10k":""}},{"type":"Feature","geometry":{"type":"Point","coordinates":[68.12824645999996,29.466010109999996]},"properties":{"_bbox":[68.12824645999996,29.466010109999996,68.12824645999996,29.466010109999996],"Status":"","Tehsil":"Sibi","BM Code":"BLN-SI-L2-00231","LIMS_ID":"B-231","Remarks":"","_center":[68.12824645999996,29.466010109999996],"Distance":"","District":"Sibi","status_1":"Not_Start","Altered X":"","Altered Y":"","Execution":"","Alt Locati":"","Original X":68.12824646,"Original Y":29.46601011,"Within 10k":""}},{"type":"Feature","geometry":{"type":"Point","coordinates":[68.15389676999997,29.3771388]},"properties":{"_bbox":[68.15389676999997,29.3771388,68.15389676999997,29.3771388],"Status":"","Tehsil":"Sibi","BM Code":"BLN-SI-L2-00232","LIMS_ID":"B-232","Remarks":"","_center":[68.15389676999997,29.3771388],"Distance":"","District":"Sibi","status_1":"Not_Start","Altered X":"","Altered Y":"","Execution":"","Alt Locati":"","Original X":68.15389677,"Original Y":29.3771388,"Within 10k":""}},{"type":"Feature","geometry":{"type":"Point","coordinates":[68.23787464999995,29.90910983]},"properties":{"_bbox":[68.23787464999995,29.90910983,68.23787464999995,29.90910983],"Status":"","Tehsil":"Sibi","BM Code":"BLN-SI-L2-00245","LIMS_ID":"B-245","Remarks":"","_center":[68.23787464999995,29.90910983],"Distance":"","District":"Sibi","status_1":"Not_Start","Altered X":"","Altered Y":"","Execution":"","Alt Locati":"","Original X":68.23787465,"Original Y":29.90910983,"Within 10k":""}},{"type":"Feature","geometry":{"type":"Point","coordinates":[68.25207956999996,29.803474740000002]},"properties":{"_bbox":[68.25207956999996,29.803474740000002,68.25207956999996,29.803474740000002],"Status":"","Tehsil":"Sibi","BM Code":"BLN-SI-L2-00246","LIMS_ID":"B-246","Remarks":"","_center":[68.25207956999996,29.803474740000002],"Distance":"","District":"Sibi","status_1":"Not_Start","Altered X":"","Altered Y":"","Execution":"","Alt Locati":"","Original X":68.25207957,"Original Y":29.80347474,"Within 10k":""}},{"type":"Feature","geometry":{"type":"Point","coordinates":[68.24343564999997,29.727984420000002]},"properties":{"_bbox":[68.24343564999997,29.727984420000002,68.24343564999997,29.727984420000002],"Status":"","Tehsil":"Sibi","BM Code":"BLN-SI-L2-00247","LIMS_ID":"B-247","Remarks":"","_center":[68.24343564999997,29.727984420000002],"Distance":"","District":"Sibi","status_1":"Not_Start","Altered X":"","Altered Y":"","Execution":"","Alt Locati":"","Original X":68.24343565,"Original Y":29.72798442,"Within 10k":""}},{"type":"Feature","geometry":{"type":"Point","coordinates":[68.24595682999995,29.634880019999994]},"properties":{"_bbox":[68.24595682999995,29.634880019999994,68.24595682999995,29.634880019999994],"Status":"","Tehsil":"Sibi","BM Code":"BLN-SI-L2-00248","LIMS_ID":"B-248","Remarks":"","_center":[68.24595682999995,29.634880019999994],"Distance":"","District":"Sibi","status_1":"Not_Start","Altered X":"","Altered Y":"","Execution":"","Alt Locati":"","Original X":68.24595683,"Original Y":29.63488002,"Within 10k":""}},{"type":"Feature","geometry":{"type":"Point","coordinates":[68.37081242999996,29.920569029999992]},"properties":{"_bbox":[68.37081242999996,29.920569029999992,68.37081242999996,29.920569029999992],"Status":"","Tehsil":"Sibi","BM Code":"BLN-SI-L2-00262","LIMS_ID":"B-262","Remarks":"","_center":[68.37081242999996,29.920569029999992],"Distance":"","District":"Sibi","status_1":"Not_Start","Altered X":"","Altered Y":"","Execution":"","Alt Locati":"","Original X":68.37081243,"Original Y":29.92056903,"Within 10k":""}},{"type":"Feature","geometry":{"type":"Point","coordinates":[68.34153766999995,29.82076174]},"properties":{"_bbox":[68.34153766999995,29.82076174,68.34153766999995,29.82076174],"Status":"","Tehsil":"Sibi","BM Code":"BLN-SI-L2-00263","LIMS_ID":"B-263","Remarks":"","_center":[68.34153766999995,29.82076174],"Distance":"","District":"Sibi","status_1":"Not_Start","Altered X":"","Altered Y":"","Execution":"","Alt Locati":"","Original X":68.34153767,"Original Y":29.82076174,"Within 10k":""}},{"type":"Feature","geometry":{"type":"Point","coordinates":[68.34033834999995,29.727408019999995]},"properties":{"_bbox":[68.34033834999995,29.727408019999995,68.34033834999995,29.727408019999995],"Status":"","Tehsil":"Sibi","BM Code":"BLN-SI-L2-00264","LIMS_ID":"B-264","Remarks":"","_center":[68.34033834999995,29.727408019999995],"Distance":"","District":"Sibi","status_1":"Not_Start","Altered X":"","Altered Y":"","Execution":"","Alt Locati":"","Original X":68.34033835,"Original Y":29.72740802,"Within 10k":""}},{"type":"Feature","geometry":{"type":"Point","coordinates":[68.35614775999996,29.62898614000001]},"properties":{"_bbox":[68.35614775999996,29.62898614000001,68.35614775999996,29.62898614000001],"Status":"","Tehsil":"Sibi","BM Code":"BLN-SI-L2-00265","LIMS_ID":"B-265","Remarks":"","_center":[68.35614775999996,29.62898614000001],"Distance":"","District":"Sibi","status_1":"Not_Start","Altered X":"","Altered Y":"","Execution":"","Alt Locati":"","Original X":68.35614776,"Original Y":29.62898614,"Within 10k":""}},{"type":"Feature","geometry":{"type":"Point","coordinates":[68.44469514999997,29.815667240000007]},"properties":{"_bbox":[68.44469514999997,29.815667240000007,68.44469514999997,29.815667240000007],"Status":"","Tehsil":"Sibi","BM Code":"BLN-SI-L2-00277","LIMS_ID":"B-277","Remarks":"","_center":[68.44469514999997,29.815667240000007],"Distance":"","District":"Sibi","status_1":"Not_Start","Altered X":"","Altered Y":"","Execution":"","Alt Locati":"","Original X":68.44469515,"Original Y":29.81566724,"Within 10k":""}},{"type":"Feature","geometry":{"type":"Point","coordinates":[68.40490532999996,29.71466111000001]},"properties":{"_bbox":[68.40490532999996,29.71466111000001,68.40490532999996,29.71466111000001],"Status":"","Tehsil":"Sibi","BM Code":"BLN-SI-L2-00278","LIMS_ID":"B-278","Remarks":"","_center":[68.40490532999996,29.71466111000001],"Distance":"","District":"Sibi","status_1":"Not_Start","Altered X":"","Altered Y":"","Execution":"","Alt Locati":"","Original X":68.40490533,"Original Y":29.71466111,"Within 10k":""}},{"type":"Feature","geometry":{"type":"Point","coordinates":[68.42767157999995,29.624169440000006]},"properties":{"_bbox":[68.42767157999995,29.624169440000006,68.42767157999995,29.624169440000006],"Status":"","Tehsil":"Sibi","BM Code":"BLN-SI-L2-00279","LIMS_ID":"B-279","Remarks":"","_center":[68.42767157999995,29.624169440000006],"Distance":"","District":"Sibi","status_1":"Not_Start","Altered X":"","Altered Y":"","Execution":"","Alt Locati":"","Original X":68.42767158,"Original Y":29.62416944,"Within 10k":""}},{"type":"Feature","geometry":{"type":"Point","coordinates":[68.55704050999995,29.736488939999997]},"properties":{"_bbox":[68.55704050999995,29.736488939999997,68.55704050999995,29.736488939999997],"Status":"","Tehsil":"Sibi","BM Code":"BLN-SI-L2-00296","LIMS_ID":"B-296","Remarks":"","_center":[68.55704050999995,29.736488939999997],"Distance":"","District":"Sibi","status_1":"Not_Start","Altered X":"","Altered Y":"","Execution":"","Alt Locati":"","Original X":68.55704051,"Original Y":29.73648894,"Within 10k":""}}],"fileName":"2nd Level GCP"}